kb_id,ins_number,e_code,name,synonyms,ner_label,function_classes,function_classes_text,function_description,vegetarian,vegan,wikidata_url,efsa_evaluation_url,source
INS:100,100,E100,Curcumin,Turmeric extract|curcuma extract|turmeric color,COLOUR,colour,Colour,"Colours are substances which add or restore colour in a food, and include natural constituents of foods and natural sources which are normally not consumed as foods as such and not normally used as characteristic ingredients of food.",yes,yes,https://www.wikidata.org/wiki/Q312266,http://dx.doi.org/10.2903/j.efsa.2010.1679,Open Food Facts additives taxonomy (ODbL)
INS:1000,1000,E1000,Cholic acid,,ADDITIVE,,,,no,no,https://www.wikidata.org/wiki/Q287415,,Open Food Facts additives taxonomy (ODbL)
INS:1001,1001,E1001,Choline salt,,ADDITIVE,,,,yes,yes,https://www.wikidata.org/wiki/Q18668392,,Open Food Facts additives taxonomy (ODbL)
INS:1001i,1001i,E1001i,Choline acetate,,ADDITIVE,,,,,,,,Open Food Facts additives taxonomy (ODbL)
INS:1001ii,1001ii,E1001ii,Choline carbonate,,ADDITIVE,,,,,,,,Open Food Facts additives taxonomy (ODbL)
INS:1001iii,1001iii,E1001iii,,,ADDITIVE,,,,,,,,Open Food Facts additives taxonomy (ODbL)
INS:1001iv,1001iv,E1001iv,Choline citrate,,ADDITIVE,,,,,,,,Open Food Facts additives taxonomy (ODbL)
INS:1001v,1001v,E1001v,Choline tartrate,,ADDITIVE,,,,,,,,Open Food Facts additives taxonomy (ODbL)
INS:1001vi,1001vi,E1001vi,Choline lactate,,ADDITIVE,,,,,,,,Open Food Facts additives taxonomy (ODbL)
INS:100i,100i,E100i,,,COLOUR,colour,Colour,"Colours are substances which add or restore colour in a food, and include natural constituents of foods and natural sources which are normally not consumed as foods as such and not normally used as characteristic ingredients of food.",,,,,Open Food Facts additives taxonomy (ODbL)
INS:100ii,100ii,E100ii,,,COLOUR,colour,Colour,"Colours are substances which add or restore colour in a food, and include natural constituents of foods and natural sources which are normally not consumed as foods as such and not normally used as characteristic ingredients of food.",,,,,Open Food Facts additives taxonomy (ODbL)
INS:101,101,E101,Riboflavin,Vitamin B2|Flavaxin|Vitamin B 2|Vitamin G|Riboflavine|Lactoflavine|Lactoflavin|riboflavin color|3a825i|3a825ii|3a825,COLOUR,colour,Colour,"Colours are substances which add or restore colour in a food, and include natural constituents of foods and natural sources which are normally not consumed as foods as such and not normally used as characteristic ingredients of food.",yes,maybe,https://www.wikidata.org/wiki/Q130365,http://dx.doi.org/10.2903/j.efsa.2013.3357,Open Food Facts additives taxonomy (ODbL)
INS:101a,101a,E101a,E101a food additive,,COLOUR,colour,Colour,"Colours are substances which add or restore colour in a food, and include natural constituents of foods and natural sources which are normally not consumed as foods as such and not normally used as characteristic ingredients of food.",,,https://www.wikidata.org/wiki/Q376061,http://dx.doi.org/10.2903/j.efsa.2013.3357,Open Food Facts additives taxonomy (ODbL)
INS:101i,101i,E101i,Riboflavin,Vitamin B2,COLOUR,colour,Colour,"Colours are substances which add or restore colour in a food, and include natural constituents of foods and natural sources which are normally not consumed as foods as such and not normally used as characteristic ingredients of food.",,,https://www.wikidata.org/wiki/Q130365,http://dx.doi.org/10.2903/j.efsa.2013.3357,Open Food Facts additives taxonomy (ODbL)
INS:101ii,101ii,E101ii,Riboflavin-5′-phosphate,phosphate lactoflavina,COLOUR,colour,Colour,"Colours are substances which add or restore colour in a food, and include natural constituents of foods and natural sources which are normally not consumed as foods as such and not normally used as characteristic ingredients of food.",,,https://www.wikidata.org/wiki/Q130365,http://dx.doi.org/10.2903/j.efsa.2013.3357,Open Food Facts additives taxonomy (ODbL)
INS:101iii,101iii,E101iii,Riboflavin from Bacillus subtilis,,COLOUR,colour,Colour,"Colours are substances which add or restore colour in a food, and include natural constituents of foods and natural sources which are normally not consumed as foods as such and not normally used as characteristic ingredients of food.",,,,,Open Food Facts additives taxonomy (ODbL)
INS:101iv,101iv,E101iv,Riboflavin from Ashbya gossypii,,COLOUR,colour,Colour,"Colours are substances which add or restore colour in a food, and include natural constituents of foods and natural sources which are normally not consumed as foods as such and not normally used as characteristic ingredients of food.",,,,,Open Food Facts additives taxonomy (ODbL)
INS:102,102,E102,Tartrazine,Yellow 5|Yellow number 5|Yellow no 5|Yellow no5|FD&C Yellow 5|FD&C Yellow no 5|FD&C Yellow no5|FD and C Yellow no. 5|FD and C Yellow 5|Yellow 5 lake,COLOUR,colour,Colour,"Colours are substances which add or restore colour in a food, and include natural constituents of foods and natural sources which are normally not consumed as foods as such and not normally used as characteristic ingredients of food.",yes,yes,https://www.wikidata.org/wiki/Q407158,http://dx.doi.org/10.2903/j.efsa.2009.1331,Open Food Facts additives taxonomy (ODbL)
INS:103,103,E103,Alkannin,,COLOUR,,,,yes,yes,https://www.wikidata.org/wiki/Q418237,,Open Food Facts additives taxonomy (ODbL)
INS:104,104,E104,Quinoline yellow,Quinoline Yellow WS|C.I. 47005|Food Yellow 13,COLOUR,colour,Colour,"Colours are substances which add or restore colour in a food, and include natural constituents of foods and natural sources which are normally not consumed as foods as such and not normally used as characteristic ingredients of food.",yes,yes,https://www.wikidata.org/wiki/Q420123,http://dx.doi.org/10.2903/j.efsa.2009.1329,Open Food Facts additives taxonomy (ODbL)
INS:105,105,E105,Fast Yellow AB,,COLOUR,,,,yes,yes,,,Open Food Facts additives taxonomy (ODbL)
INS:106,106,E106,flavin mononucleotide,,COLOUR,,,,yes,yes,https://www.wikidata.org/wiki/Q376061,,Open Food Facts additives taxonomy (ODbL)
INS:107,107,E107,Yellow 2G,,COLOUR,,,,yes,yes,https://www.wikidata.org/wiki/Q424528,,Open Food Facts additives taxonomy (ODbL)
INS:110,110,E110,Sunset yellow FCF,CI Food Yellow 3|Orange Yellow S|FD&C Yellow 6|FD & C Yellow No.6|FD and C Yellow No. 6|Yellow No.6|Yellow 6|FD and C Yellow 6|C.I. 15985|Yellow 6 lake|Sunset Yellow,COLOUR,colour,Colour,"Colours are substances which add or restore colour in a food, and include natural constituents of foods and natural sources which are normally not consumed as foods as such and not normally used as characteristic ingredients of food.",yes,yes,https://www.wikidata.org/wiki/Q410095,http://dx.doi.org/10.2903/j.efsa.2014.3765,Open Food Facts additives taxonomy (ODbL)
INS:1100,1100,E1100,Alpha-Amylase,amylase|E-1100,ADDITIVE,,,,yes,yes,https://www.wikidata.org/wiki/Q17153,,Open Food Facts additives taxonomy (ODbL)
INS:1100i,1100i,E1100i,,,ADDITIVE,,,,,,,,Open Food Facts additives taxonomy (ODbL)
INS:1100ii,1100ii,E1100ii,,,ADDITIVE,,,,,,,,Open Food Facts additives taxonomy (ODbL)
INS:1100iii,1100iii,E1100iii,,,ADDITIVE,,,,,,,,Open Food Facts additives taxonomy (ODbL)
INS:1100iv,1100iv,E1100iv,alpha-Amylase from Bacillus megaterium expressed in Bacillus subtilis,,ADDITIVE,,,,,,,,Open Food Facts additives taxonomy (ODbL)
INS:1100v,1100v,E1100v,,,ADDITIVE,,,,,,,,Open Food Facts additives taxonomy (ODbL)
INS:1100vi,1100vi,E1100vi,,,ADDITIVE,,,,,,,,Open Food Facts additives taxonomy (ODbL)
INS:1101,1101,E1101,Protease,peptidase|proteinase|EC 3.4|E-1101,ADDITIVE,stabiliser,Stabiliser,"Stabilisers are substances which make it possible to maintain the physico-chemical state of a foodstuff; stabilisers include substances which enable the maintenance of a homogenous dispersion of two or more immiscible substances in a foodstuff, substances which stabilise, retain or intensify an existing colour of a foodstuff and substances which increase the binding capacity of the food, including the formation of cross-links between proteins enabling the binding of food pieces into re-constituted food.",yes,yes,https://www.wikidata.org/wiki/Q212410,,Open Food Facts additives taxonomy (ODbL)
INS:1101i,1101i,E1101i,,,ADDITIVE,stabiliser,Stabiliser,"Stabilisers are substances which make it possible to maintain the physico-chemical state of a foodstuff; stabilisers include substances which enable the maintenance of a homogenous dispersion of two or more immiscible substances in a foodstuff, substances which stabilise, retain or intensify an existing colour of a foodstuff and substances which increase the binding capacity of the food, including the formation of cross-links between proteins enabling the binding of food pieces into re-constituted food.",,,,,Open Food Facts additives taxonomy (ODbL)
INS:1101ii,1101ii,E1101ii,,,ADDITIVE,stabiliser,Stabiliser,"Stabilisers are substances which make it possible to maintain the physico-chemical state of a foodstuff; stabilisers include substances which enable the maintenance of a homogenous dispersion of two or more immiscible substances in a foodstuff, substances which stabilise, retain or intensify an existing colour of a foodstuff and substances which increase the binding capacity of the food, including the formation of cross-links between proteins enabling the binding of food pieces into re-constituted food.",,,,,Open Food Facts additives taxonomy (ODbL)
INS:1101iii,1101iii,E1101iii,,,ADDITIVE,stabiliser,Stabiliser,"Stabilisers are substances which make it possible to maintain the physico-chemical state of a foodstuff; stabilisers include substances which enable the maintenance of a homogenous dispersion of two or more immiscible substances in a foodstuff, substances which stabilise, retain or intensify an existing colour of a foodstuff and substances which increase the binding capacity of the food, including the formation of cross-links between proteins enabling the binding of food pieces into re-constituted food.",,,,,Open Food Facts additives taxonomy (ODbL)
INS:1101iv,1101iv,E1101iv,,,ADDITIVE,stabiliser,Stabiliser,"Stabilisers are substances which make it possible to maintain the physico-chemical state of a foodstuff; stabilisers include substances which enable the maintenance of a homogenous dispersion of two or more immiscible substances in a foodstuff, substances which stabilise, retain or intensify an existing colour of a foodstuff and substances which increase the binding capacity of the food, including the formation of cross-links between proteins enabling the binding of food pieces into re-constituted food.",,,,,Open Food Facts additives taxonomy (ODbL)
INS:1101v,1101v,E1101v,Protease from Streptomyces fradiae,,ADDITIVE,stabiliser,Stabiliser,"Stabilisers are substances which make it possible to maintain the physico-chemical state of a foodstuff; stabilisers include substances which enable the maintenance of a homogenous dispersion of two or more immiscible substances in a foodstuff, substances which stabilise, retain or intensify an existing colour of a foodstuff and substances which increase the binding capacity of the food, including the formation of cross-links between proteins enabling the binding of food pieces into re-constituted food.",,,,,Open Food Facts additives taxonomy (ODbL)
INS:1101vi,1101vi,E1101vi,Proteases from Bacillus subtilis,,ADDITIVE,stabiliser,Stabiliser,"Stabilisers are substances which make it possible to maintain the physico-chemical state of a foodstuff; stabilisers include substances which enable the maintenance of a homogenous dispersion of two or more immiscible substances in a foodstuff, substances which stabilise, retain or intensify an existing colour of a foodstuff and substances which increase the binding capacity of the food, including the formation of cross-links between proteins enabling the binding of food pieces into re-constituted food.",,,,,Open Food Facts additives taxonomy (ODbL)
INS:1102,1102,E1102,Glucose oxidase,,ADDITIVE,antioxidant,Antioxidant,"Antioxidants are substances which prolong the shelf-life of foods by protecting them against deterioration caused by oxidation, such as fat rancidity and colour changes.",yes,yes,https://www.wikidata.org/wiki/Q419321,,Open Food Facts additives taxonomy (ODbL)
INS:1103,1103,E1103,Invertase,,ADDITIVE,stabiliser,Stabiliser,"Stabilisers are substances which make it possible to maintain the physico-chemical state of a foodstuff; stabilisers include substances which enable the maintenance of a homogenous dispersion of two or more immiscible substances in a foodstuff, substances which stabilise, retain or intensify an existing colour of a foodstuff and substances which increase the binding capacity of the food, including the formation of cross-links between proteins enabling the binding of food pieces into re-constituted food.",yes,yes,https://www.wikidata.org/wiki/Q419189,,Open Food Facts additives taxonomy (ODbL)
INS:1104,1104,E1104,lipase,,ADDITIVE,,,,maybe,maybe,https://www.wikidata.org/wiki/Q380967,,Open Food Facts additives taxonomy (ODbL)
INS:1105,1105,E1105,Lysozyme,Lysozyme hydrochloride|E-1105,PRESERVATIVE,preservative,Preservative,Preservatives are substances which prolong the shelf-life of foods by protecting them against deterioration caused by micro-organisms and/or which protect against growth of pathogenic micro-organisms.,yes,maybe,https://www.wikidata.org/wiki/Q21114915,,Open Food Facts additives taxonomy (ODbL)
INS:111,111,E111,Orange GGN,Alpha-naphthol|Alpha-naphtol|alpha-naphthol orange,COLOUR,,,,yes,yes,https://www.wikidata.org/wiki/Q929052,,Open Food Facts additives taxonomy (ODbL)
INS:120,120,E120,Cochineal,carminic acid|carmines|Natural Red 4|Cochineal Red,COLOUR,colour,Colour,"Colours are substances which add or restore colour in a food, and include natural constituents of foods and natural sources which are normally not consumed as foods as such and not normally used as characteristic ingredients of food.",no,no,https://www.wikidata.org/wiki/Q416860,http://dx.doi.org/10.2903/j.efsa.2015.4288,Open Food Facts additives taxonomy (ODbL)
INS:1200,1200,E1200,Polydextrose,68424-04-4,ADDITIVE,humectant|stabiliser|thickener,"Humectant, Stabiliser, Thickener","Humectants are substances which prevent foods from drying out by counteracting the effect of an atmosphere having a low degree of humidity, or promote the dissolution of a powder in an aqueous medium.",yes,yes,https://www.wikidata.org/wiki/Q424616,,Open Food Facts additives taxonomy (ODbL)
INS:1201,1201,E1201,Polyvinylpyrrolidone,Povidone|PVP,ADDITIVE,emulsifier|stabiliser|thickener,"Emulsifier, Stabiliser, Thickener",Emulsifiers are substances which make it possible to form or maintain a homogenous mixture of two or more immiscible phases such as oil and water in a foodstuff.,yes,yes,https://www.wikidata.org/wiki/Q413433,,Open Food Facts additives taxonomy (ODbL)
INS:1202,1202,E1202,Polyvinylpolypyrrolidone,Crospovidone|Cross-linked polyvidone,ADDITIVE,stabiliser,Stabiliser,"Stabilisers are substances which make it possible to maintain the physico-chemical state of a foodstuff; stabilisers include substances which enable the maintenance of a homogenous dispersion of two or more immiscible substances in a foodstuff, substances which stabilise, retain or intensify an existing colour of a foodstuff and substances which increase the binding capacity of the food, including the formation of cross-links between proteins enabling the binding of food pieces into re-constituted food.",yes,yes,https://www.wikidata.org/wiki/Q3003746,,Open Food Facts additives taxonomy (ODbL)
INS:1203,1203,E1203,Polyvinyl alcohol,Vinyl alcohol polymer|PVOH|PVAl,ADDITIVE,thickener,Thickener,Thickeners are substances which increase the viscosity of a foodstuff.,yes,yes,https://www.wikidata.org/wiki/Q146339,,Open Food Facts additives taxonomy (ODbL)
INS:1204,1204,E1204,Pullulan,Linear,ADDITIVE,thickener,Thickener,Thickeners are substances which increase the viscosity of a foodstuff.,yes,yes,https://www.wikidata.org/wiki/Q419779,,Open Food Facts additives taxonomy (ODbL)
INS:1205,1205,E1205,Basic methacrylate copolymer,,ADDITIVE,,,,yes,yes,https://www.wikidata.org/wiki/Q18967186,http://dx.doi.org/10.2903/j.efsa.2016.4490,Open Food Facts additives taxonomy (ODbL)
INS:1206,1206,E1206,Neutral methacrylate copolymer,,ADDITIVE,,,,,,,,Open Food Facts additives taxonomy (ODbL)
INS:1207,1207,E1207,Anionic methacrylate copolymer,,ADDITIVE,,,,,,,,Open Food Facts additives taxonomy (ODbL)
INS:1208,1208,E1208,Polyvinylpyrrolidone-vinyl acetate copolymer,,ADDITIVE,,,,,,,,Open Food Facts additives taxonomy (ODbL)
INS:1209,1209,E1209,Polyvinyl alcohol-polyethylene glycol-graft-co-polymer,,ADDITIVE,,,,,,,,Open Food Facts additives taxonomy (ODbL)
INS:121,121,E121,Citrus Red 2,,COLOUR,,,,yes,yes,https://www.wikidata.org/wiki/Q2653981,,Open Food Facts additives taxonomy (ODbL)
INS:1210,1210,E1210,Carbomer,,ADDITIVE,,,,,,,,Open Food Facts additives taxonomy (ODbL)
INS:122,122,E122,Azorubine,carmoisine|Food Red 3|Brillantcarmoisin O|Acid Red 14|Azorubin S|C.I. 14720,COLOUR,colour,Colour,"Colours are substances which add or restore colour in a food, and include natural constituents of foods and natural sources which are normally not consumed as foods as such and not normally used as characteristic ingredients of food.",yes,yes,https://www.wikidata.org/wiki/Q409676,http://dx.doi.org/10.2903/j.efsa.2009.1332,Open Food Facts additives taxonomy (ODbL)
INS:123,123,E123,Amaranth,FD&C Red 2,COLOUR,colour,Colour,"Colours are substances which add or restore colour in a food, and include natural constituents of foods and natural sources which are normally not consumed as foods as such and not normally used as characteristic ingredients of food.",yes,yes,https://www.wikidata.org/wiki/Q421074,http://www.efsa.europa.eu/fr/efsajournal/doc/1649.pdf,Open Food Facts additives taxonomy (ODbL)
INS:124,124,E124,Ponceau 4r,cochineal red a|CI Food Red 7|Brilliant Scarlet 4R|Ponceau,COLOUR,colour,Colour,"Colours are substances which add or restore colour in a food, and include natural constituents of foods and natural sources which are normally not consumed as foods as such and not normally used as characteristic ingredients of food.",yes,yes,https://www.wikidata.org/wiki/Q384709,http://dx.doi.org/10.2903/j.efsa.2009.1328,Open Food Facts additives taxonomy (ODbL)
INS:125,125,E125,Scarlet GN,C.I. Food Red 1|Ponceau SX|FD&C Red No. 4|C.I. 14700|Scarlet GN,COLOUR,,,,yes,yes,https://www.wikidata.org/wiki/Q934310,,Open Food Facts additives taxonomy (ODbL)
INS:126,126,E126,Ponceau 6R,Ponceau 6R,COLOUR,,,,yes,yes,https://www.wikidata.org/wiki/Q596946,,Open Food Facts additives taxonomy (ODbL)
INS:127,127,E127,Erythrosine,FD&C Red 3|FD & C Red No.3|Red No. 3|FD&C Red no3|FD and C Red 3|Red 3|Red 3 lake,COLOUR,colour,Colour,"Colours are substances which add or restore colour in a food, and include natural constituents of foods and natural sources which are normally not consumed as foods as such and not normally used as characteristic ingredients of food.",yes,yes,https://www.wikidata.org/wiki/Q420101,http://dx.doi.org/10.2903/j.efsa.2011.1854,Open Food Facts additives taxonomy (ODbL)
INS:128,128,E128,Red 2G,,COLOUR,colour,Colour,"Colours are substances which add or restore colour in a food, and include natural constituents of foods and natural sources which are normally not consumed as foods as such and not normally used as characteristic ingredients of food.",yes,yes,https://www.wikidata.org/wiki/Q417819,http://dx.doi.org/10.2903/j.efsa.2007.515,Open Food Facts additives taxonomy (ODbL)
INS:129,129,E129,Allura red,Allura red ac|Allura Red AC|FD&C Red 40|FD and C Red 40|Red 40|Red no40|Red no. 40|FD and C Red no. 40|Food Red 17|C.I. 16035|Red 40 lake,COLOUR,colour,Colour,"Colours are substances which add or restore colour in a food, and include natural constituents of foods and natural sources which are normally not consumed as foods as such and not normally used as characteristic ingredients of food.",yes,yes,https://www.wikidata.org/wiki/Q419895,https://efsa.onlinelibrary.wiley.com/doi/10.2903/j.efsa.2015.4007,Open Food Facts additives taxonomy (ODbL)
INS:130,130,E130,Indanthrene blue RS,Indanthrone blue|indanthrene,COLOUR,,,,yes,yes,https://www.wikidata.org/wiki/Q185929,,Open Food Facts additives taxonomy (ODbL)
INS:131,131,E131,Patent blue v,Food Blue 5|Sulphan Blue|Acid Blue 3|L-Blau 3|C-Blau 20|Patentblau V|Sky Blue|C.I. 42051,COLOUR,,,,yes,yes,https://www.wikidata.org/wiki/Q420087,https://efsa.onlinelibrary.wiley.com/doi/10.2903/j.efsa.2013.2818,Open Food Facts additives taxonomy (ODbL)
INS:132,132,E132,Indigotine,indigo carmine|FD&C Blue 2|FD and C Blue 2|C.I. Food Blue 2|Blue 2 lake|Blue 2,COLOUR,colour,Colour,"Colours are substances which add or restore colour in a food, and include natural constituents of foods and natural sources which are normally not consumed as foods as such and not normally used as characteristic ingredients of food.",yes,yes,https://www.wikidata.org/wiki/Q410120,https://efsa.onlinelibrary.wiley.com/doi/10.2903/j.efsa.2014.3768,Open Food Facts additives taxonomy (ODbL)
INS:133,133,E133,Brilliant blue FCF,FD&C Blue 1|FD and C Blue 1|Blue 1|fd&c blue no. 1|Blue 1 lake,COLOUR,colour,Colour,"Colours are substances which add or restore colour in a food, and include natural constituents of foods and natural sources which are normally not consumed as foods as such and not normally used as characteristic ingredients of food.",yes,yes,https://www.wikidata.org/wiki/Q420093,https://efsa.onlinelibrary.wiley.com/doi/10.2903/j.efsa.2010.1853,Open Food Facts additives taxonomy (ODbL)
INS:140,140,E140,Chlorophylls and Chlorophyllins,,COLOUR,colour,Colour,"Colours are substances which add or restore colour in a food, and include natural constituents of foods and natural sources which are normally not consumed as foods as such and not normally used as characteristic ingredients of food.",yes,yes,https://www.wikidata.org/wiki/Q26806091,http://dx.doi.org/10.2903/j.efsa.2015.4089,Open Food Facts additives taxonomy (ODbL)
INS:1400,1400,E1400,Dextrin,,ADDITIVE,carrier|emulsifier|stabiliser|thickener,"Carrier, Emulsifier, Stabiliser, Thickener","A food additive used to dissolve, dilute, disperse or otherwise physically modify a food additive or nutrient without altering its function (and without exerting any technological effect itself) in order to facilitate its handling, application or use of the food additive or nutrient.",yes,yes,https://www.wikidata.org/wiki/Q191978,,Open Food Facts additives taxonomy (ODbL)
INS:1401,1401,E1401,Acid-treated modified starch,,ADDITIVE,emulsifier|stabiliser|thickener,"Emulsifier, Stabiliser, Thickener",Emulsifiers are substances which make it possible to form or maintain a homogenous mixture of two or more immiscible phases such as oil and water in a foodstuff.,yes,yes,https://www.wikidata.org/wiki/Q18967250,,Open Food Facts additives taxonomy (ODbL)
INS:1402,1402,E1402,Alkaline modified starch,,ADDITIVE,emulsifier|stabiliser|thickener,"Emulsifier, Stabiliser, Thickener",Emulsifiers are substances which make it possible to form or maintain a homogenous mixture of two or more immiscible phases such as oil and water in a foodstuff.,yes,yes,https://www.wikidata.org/wiki/Q18636175,,Open Food Facts additives taxonomy (ODbL)
INS:1403,1403,E1403,Bleached starch,,ADDITIVE,emulsifier|stabiliser|thickener,"Emulsifier, Stabiliser, Thickener",Emulsifiers are substances which make it possible to form or maintain a homogenous mixture of two or more immiscible phases such as oil and water in a foodstuff.,yes,yes,,,Open Food Facts additives taxonomy (ODbL)
INS:1404,1404,E1404,Oxidised starch,,ADDITIVE,emulsifier|stabiliser|thickener,"Emulsifier, Stabiliser, Thickener",Emulsifiers are substances which make it possible to form or maintain a homogenous mixture of two or more immiscible phases such as oil and water in a foodstuff.,yes,yes,https://www.wikidata.org/wiki/Q18967259,,Open Food Facts additives taxonomy (ODbL)
INS:1405,1405,E1405,Enzyme treated starch,,ADDITIVE,emulsifier|stabiliser|thickener,"Emulsifier, Stabiliser, Thickener",Emulsifiers are substances which make it possible to form or maintain a homogenous mixture of two or more immiscible phases such as oil and water in a foodstuff.,yes,yes,https://www.wikidata.org/wiki/Q18967222,,Open Food Facts additives taxonomy (ODbL)
INS:140i,140i,E140i,Chlorophylls,CI Natural Green 3|Magnesium Chlorophyll|chlorophyll,COLOUR,colour,Colour,"Colours are substances which add or restore colour in a food, and include natural constituents of foods and natural sources which are normally not consumed as foods as such and not normally used as characteristic ingredients of food.",,,https://www.wikidata.org/wiki/Q82182,http://dx.doi.org/10.2903/j.efsa.2015.4089,Open Food Facts additives taxonomy (ODbL)
INS:140ii,140ii,E140ii,Chlorophyllins,CI Natural Green 5|Sodium Chlorophyllin,COLOUR,colour,Colour,"Colours are substances which add or restore colour in a food, and include natural constituents of foods and natural sources which are normally not consumed as foods as such and not normally used as characteristic ingredients of food.",,,https://www.wikidata.org/wiki/Q82182,http://dx.doi.org/10.2903/j.efsa.2015.4089,Open Food Facts additives taxonomy (ODbL)
INS:141,141,E141,Copper complexes of chlorophylls and chlorophyllins,Copper complexes of chlorophyll and chlorophyllins,COLOUR,colour,Colour,"Colours are substances which add or restore colour in a food, and include natural constituents of foods and natural sources which are normally not consumed as foods as such and not normally used as characteristic ingredients of food.",yes,yes,https://www.wikidata.org/wiki/Q18967203,http://dx.doi.org/10.2903/j.efsa.2015.4151,Open Food Facts additives taxonomy (ODbL)
INS:1410,1410,E1410,Monostarch phosphate,,ADDITIVE,emulsifier|stabiliser|thickener,"Emulsifier, Stabiliser, Thickener",Emulsifiers are substances which make it possible to form or maintain a homogenous mixture of two or more immiscible phases such as oil and water in a foodstuff.,yes,yes,https://www.wikidata.org/wiki/Q18631008,,Open Food Facts additives taxonomy (ODbL)
INS:1411,1411,E1411,Distarch glycerol,,ADDITIVE,emulsifier|stabiliser|thickener,"Emulsifier, Stabiliser, Thickener",Emulsifiers are substances which make it possible to form or maintain a homogenous mixture of two or more immiscible phases such as oil and water in a foodstuff.,yes,yes,https://www.wikidata.org/wiki/Q18967214,,Open Food Facts additives taxonomy (ODbL)
INS:1412,1412,E1412,Distarch phosphate,,ADDITIVE,emulsifier|stabiliser|thickener,"Emulsifier, Stabiliser, Thickener",Emulsifiers are substances which make it possible to form or maintain a homogenous mixture of two or more immiscible phases such as oil and water in a foodstuff.,yes,yes,https://www.wikidata.org/wiki/Q18967218,,Open Food Facts additives taxonomy (ODbL)
INS:1413,1413,E1413,Phosphated distarch phosphate,,ADDITIVE,emulsifier|stabiliser|thickener,"Emulsifier, Stabiliser, Thickener",Emulsifiers are substances which make it possible to form or maintain a homogenous mixture of two or more immiscible phases such as oil and water in a foodstuff.,yes,yes,https://www.wikidata.org/wiki/Q7187438,,Open Food Facts additives taxonomy (ODbL)
INS:1414,1414,E1414,Acetylated distarch phosphate,,ADDITIVE,emulsifier|stabiliser|thickener,"Emulsifier, Stabiliser, Thickener",Emulsifiers are substances which make it possible to form or maintain a homogenous mixture of two or more immiscible phases such as oil and water in a foodstuff.,yes,yes,https://www.wikidata.org/wiki/Q18967180,,Open Food Facts additives taxonomy (ODbL)
INS:141i,141i,E141i,Copper complexes of chlorophylls,CI Natural Green 3|Copper Chlorophyll,COLOUR,colour,Colour,"Colours are substances which add or restore colour in a food, and include natural constituents of foods and natural sources which are normally not consumed as foods as such and not normally used as characteristic ingredients of food.",,,https://www.wikidata.org/wiki/Q18967203,http://dx.doi.org/10.2903/j.efsa.2015.4151,Open Food Facts additives taxonomy (ODbL)
INS:141ii,141ii,E141ii,Copper complexes of chlorophyllins,Sodium Copper Chlorophyllin|Potassium Copper Chlorophyllin|Copper Chlorophyllin,COLOUR,colour,Colour,"Colours are substances which add or restore colour in a food, and include natural constituents of foods and natural sources which are normally not consumed as foods as such and not normally used as characteristic ingredients of food.",,,https://www.wikidata.org/wiki/Q18967203,http://dx.doi.org/10.2903/j.efsa.2015.4151,Open Food Facts additives taxonomy (ODbL)
INS:142,142,E142,Green s,CI Food Green 4,COLOUR,,,,yes,yes,https://www.wikidata.org/wiki/Q420143,https://efsa.onlinelibrary.wiley.com/doi/epdf/10.2903/j.efsa.2010.1851,Open Food Facts additives taxonomy (ODbL)
INS:1420,1420,E1420,Acetylated starch,,ADDITIVE,emulsifier|stabiliser|thickener,"Emulsifier, Stabiliser, Thickener",Emulsifiers are substances which make it possible to form or maintain a homogenous mixture of two or more immiscible phases such as oil and water in a foodstuff.,yes,yes,https://www.wikidata.org/wiki/Q18935684,,Open Food Facts additives taxonomy (ODbL)
INS:1421,1421,E1421,Acetylated starch,mono starch acetate|Starch acetate esterified with vinyl acetate,ADDITIVE,emulsifier|stabiliser|thickener,"Emulsifier, Stabiliser, Thickener",Emulsifiers are substances which make it possible to form or maintain a homogenous mixture of two or more immiscible phases such as oil and water in a foodstuff.,yes,yes,https://www.wikidata.org/wiki/Q18944665,,Open Food Facts additives taxonomy (ODbL)
INS:1422,1422,E1422,Acetylated distarch adipate,,ADDITIVE,emulsifier|stabiliser|thickener,"Emulsifier, Stabiliser, Thickener",Emulsifiers are substances which make it possible to form or maintain a homogenous mixture of two or more immiscible phases such as oil and water in a foodstuff.,yes,yes,https://www.wikidata.org/wiki/Q2824457,,Open Food Facts additives taxonomy (ODbL)
INS:1423,1423,E1423,Acetylated distarch glycerol,,ADDITIVE,emulsifier|stabiliser|thickener,"Emulsifier, Stabiliser, Thickener",Emulsifiers are substances which make it possible to form or maintain a homogenous mixture of two or more immiscible phases such as oil and water in a foodstuff.,yes,yes,https://www.wikidata.org/wiki/Q18608829,,Open Food Facts additives taxonomy (ODbL)
INS:143,143,E143,Fast Green FCF,Food green 3|C.I. 42053|Solid Green FCF|Green 1724|FD&C Green No. 3|Green 3,COLOUR,colour,Colour,"Colours are substances which add or restore colour in a food, and include natural constituents of foods and natural sources which are normally not consumed as foods as such and not normally used as characteristic ingredients of food.",yes,yes,https://www.wikidata.org/wiki/Q898299,,Open Food Facts additives taxonomy (ODbL)
INS:1430,1430,E1430,Distarch glycerine,,ADDITIVE,emulsifier|stabiliser|thickener,"Emulsifier, Stabiliser, Thickener",Emulsifiers are substances which make it possible to form or maintain a homogenous mixture of two or more immiscible phases such as oil and water in a foodstuff.,yes,yes,https://www.wikidata.org/wiki/Q18967212,,Open Food Facts additives taxonomy (ODbL)
INS:1440,1440,E1440,Hydroxypropyl starch,,ADDITIVE,emulsifier|stabiliser|thickener,"Emulsifier, Stabiliser, Thickener",Emulsifiers are substances which make it possible to form or maintain a homogenous mixture of two or more immiscible phases such as oil and water in a foodstuff.,yes,yes,https://www.wikidata.org/wiki/Q1640437,,Open Food Facts additives taxonomy (ODbL)
INS:1441,1441,E1441,Hydroxy propyl distarch glycerine,,ADDITIVE,emulsifier|stabiliser|thickener,"Emulsifier, Stabiliser, Thickener",Emulsifiers are substances which make it possible to form or maintain a homogenous mixture of two or more immiscible phases such as oil and water in a foodstuff.,yes,yes,https://www.wikidata.org/wiki/Q18967235,,Open Food Facts additives taxonomy (ODbL)
INS:1442,1442,E1442,Hydroxypropyl distarch phosphate,,ADDITIVE,emulsifier|stabiliser|thickener,"Emulsifier, Stabiliser, Thickener",Emulsifiers are substances which make it possible to form or maintain a homogenous mixture of two or more immiscible phases such as oil and water in a foodstuff.,yes,yes,https://www.wikidata.org/wiki/Q10528966,,Open Food Facts additives taxonomy (ODbL)
INS:1443,1443,E1443,Hydroxy propyl distarch glycerol,,ADDITIVE,emulsifier|stabiliser|thickener,"Emulsifier, Stabiliser, Thickener",Emulsifiers are substances which make it possible to form or maintain a homogenous mixture of two or more immiscible phases such as oil and water in a foodstuff.,yes,yes,https://www.wikidata.org/wiki/Q18967237,,Open Food Facts additives taxonomy (ODbL)
INS:1450,1450,E1450,Starch sodium octenyl succinate,,ADDITIVE,emulsifier|stabiliser|thickener,"Emulsifier, Stabiliser, Thickener",Emulsifiers are substances which make it possible to form or maintain a homogenous mixture of two or more immiscible phases such as oil and water in a foodstuff.,yes,yes,https://www.wikidata.org/wiki/Q18967290,,Open Food Facts additives taxonomy (ODbL)
INS:1451,1451,E1451,Acetylated oxidised starch,,ADDITIVE,emulsifier|stabiliser|thickener,"Emulsifier, Stabiliser, Thickener",Emulsifiers are substances which make it possible to form or maintain a homogenous mixture of two or more immiscible phases such as oil and water in a foodstuff.,yes,yes,https://www.wikidata.org/wiki/Q2633813,,Open Food Facts additives taxonomy (ODbL)
INS:1452,1452,E1452,Starch aluminium octenyl succinate,,ADDITIVE,emulsifier|stabiliser|thickener,"Emulsifier, Stabiliser, Thickener",Emulsifiers are substances which make it possible to form or maintain a homogenous mixture of two or more immiscible phases such as oil and water in a foodstuff.,yes,yes,https://www.wikidata.org/wiki/Q18967287,,Open Food Facts additives taxonomy (ODbL)
INS:1499,1499,E1499,E14XX,Modified Starch|E14XX,ADDITIVE,emulsifier|stabiliser|thickener,"Emulsifier, Stabiliser, Thickener",Emulsifiers are substances which make it possible to form or maintain a homogenous mixture of two or more immiscible phases such as oil and water in a foodstuff.,yes,yes,,,Open Food Facts additives taxonomy (ODbL)
INS:150,150,E150,Caramel,,COLOUR,,,,yes,yes,https://www.wikidata.org/wiki/Q183440,http://dx.doi.org/10.2903/j.efsa.2012.3030,Open Food Facts additives taxonomy (ODbL)
INS:1503,1503,E1503,Castor oil,,ADDITIVE,carrier|emulsifier,"Carrier, Emulsifier","A food additive used to dissolve, dilute, disperse or otherwise physically modify a food additive or nutrient without altering its function (and without exerting any technological effect itself) in order to facilitate its handling, application or use of the food additive or nutrient.",yes,yes,https://www.wikidata.org/wiki/Q337492,,Open Food Facts additives taxonomy (ODbL)
INS:1504,1504,E1504,ethyl acetate,ethyl ethanoate,ADDITIVE,carrier,Carrier,"A food additive used to dissolve, dilute, disperse or otherwise physically modify a food additive or nutrient without altering its function (and without exerting any technological effect itself) in order to facilitate its handling, application or use of the food additive or nutrient.",yes,yes,https://www.wikidata.org/wiki/Q407153,,Open Food Facts additives taxonomy (ODbL)
INS:1505,1505,E1505,Triethyl citrate,"triethyl 2-hydroxypropane-1,2,3-tricarboxylate",ADDITIVE,carrier|emulsifier|sequestrant|stabiliser,"Carrier, Emulsifier, Sequestrant, Stabiliser","A food additive used to dissolve, dilute, disperse or otherwise physically modify a food additive or nutrient without altering its function (and without exerting any technological effect itself) in order to facilitate its handling, application or use of the food additive or nutrient.",yes,yes,https://www.wikidata.org/wiki/Q418057,,Open Food Facts additives taxonomy (ODbL)
INS:150a,150a,E150a,Plain caramel,caramel color|caramel coloring,COLOUR,colour,Colour,"Colours are substances which add or restore colour in a food, and include natural constituents of foods and natural sources which are normally not consumed as foods as such and not normally used as characteristic ingredients of food.",yes,yes,https://www.wikidata.org/wiki/Q227816,http://dx.doi.org/10.2903/j.efsa.2012.3030,Open Food Facts additives taxonomy (ODbL)
INS:150b,150b,E150b,Caustic sulphite caramel,caramel E150b,COLOUR,colour,Colour,"Colours are substances which add or restore colour in a food, and include natural constituents of foods and natural sources which are normally not consumed as foods as such and not normally used as characteristic ingredients of food.",yes,yes,,http://dx.doi.org/10.2903/j.efsa.2011.2004,Open Food Facts additives taxonomy (ODbL)
INS:150c,150c,E150c,Ammonia caramel,baker's caramel|confectioner's caramel|beer caramel|Caramel Color Ammonia|Ammonia caramel,COLOUR,colour,Colour,"Colours are substances which add or restore colour in a food, and include natural constituents of foods and natural sources which are normally not consumed as foods as such and not normally used as characteristic ingredients of food.",yes,yes,https://www.wikidata.org/wiki/Q11735907,http://dx.doi.org/10.2903/j.efsa.2012.3030,Open Food Facts additives taxonomy (ODbL)
INS:150d,150d,E150d,Sulphite ammonia caramel,Sulfite ammonia caramel|Caramel Colour Ammonium Sulphite Process|Colour Sulphite Ammonia Caramel|Colour E150d|Food Colour 150d|CAS 8028-89-5|acid-proof caramel|soft-drink caramel,COLOUR,colour,Colour,"Colours are substances which add or restore colour in a food, and include natural constituents of foods and natural sources which are normally not consumed as foods as such and not normally used as characteristic ingredients of food.",yes,yes,https://www.wikidata.org/wiki/Q13081740,http://dx.doi.org/10.2903/j.efsa.2012.3030,Open Food Facts additives taxonomy (ODbL)
INS:151,151,E151,Brilliant black bn,black pn|C.I. 28440|Brilliant Black PN|Food Black 1|Naphthol Black|C.I. Food Brown 1|Brilliant Black A,COLOUR,colour,Colour,"Colours are substances which add or restore colour in a food, and include natural constituents of foods and natural sources which are normally not consumed as foods as such and not normally used as characteristic ingredients of food.",yes,yes,https://www.wikidata.org/wiki/Q420079,http://dx.doi.org/10.2903/j.efsa.2015.3960,Open Food Facts additives taxonomy (ODbL)
INS:1510,1510,E1510,Ethanol,ethyl alcohol|Methylcarbinol|Ethyl hydroxide|Ethyl hydrate,ADDITIVE,,,,yes,yes,https://www.wikidata.org/wiki/Q153,,Open Food Facts additives taxonomy (ODbL)
INS:1517,1517,E1517,Glyceryl diacetate,,ADDITIVE,,,,yes,yes,https://www.wikidata.org/wiki/Q904648,,Open Food Facts additives taxonomy (ODbL)
INS:1518,1518,E1518,Glyceryl triacetate,"Triacetin|glycerin triacetate|1,2,3-triacetoxypropane",ADDITIVE,carrier|emulsifier|humectant,"Carrier, Emulsifier, Humectant","A food additive used to dissolve, dilute, disperse or otherwise physically modify a food additive or nutrient without altering its function (and without exerting any technological effect itself) in order to facilitate its handling, application or use of the food additive or nutrient.",yes,yes,https://www.wikidata.org/wiki/Q83253,,Open Food Facts additives taxonomy (ODbL)
INS:1519,1519,E1519,Benzyl alcohol,Phenylcarbinol|Phenylmethyl alcohol|Benzenemethanol,ADDITIVE,,,,yes,yes,https://www.wikidata.org/wiki/Q52353,,Open Food Facts additives taxonomy (ODbL)
INS:152,152,E152,Black 7984,Food Black 2|carbon black,COLOUR,,,,yes,yes,https://www.wikidata.org/wiki/Q764245,,Open Food Facts additives taxonomy (ODbL)
INS:1520,1520,E1520,Propylene Glycol,"Propane-1,2-diol|Propan-1,2-diol",ADDITIVE,emulsifier|humectant,"Emulsifier, Humectant",Emulsifiers are substances which make it possible to form or maintain a homogenous mixture of two or more immiscible phases such as oil and water in a foodstuff.,yes,yes,https://www.wikidata.org/wiki/Q18967269,https://efsa.onlinelibrary.wiley.com/doi/10.2903/j.efsa.2018.5235,Open Food Facts additives taxonomy (ODbL)
INS:1521,1521,E1521,Polyethylene glycol,,ADDITIVE,,,,yes,yes,https://www.wikidata.org/wiki/Q410083,https://efsa.onlinelibrary.wiley.com/doi/10.2903/j.efsa.2018.5293,Open Food Facts additives taxonomy (ODbL)
INS:153,153,E153,Vegetable carbon,,COLOUR,,,,yes,yes,https://www.wikidata.org/wiki/Q59557415,http://dx.doi.org/10.2903/j.efsa.2012.2592,Open Food Facts additives taxonomy (ODbL)
INS:154,154,E154,Brown FK,Kipper Brown,COLOUR,,,,yes,yes,https://www.wikidata.org/wiki/Q425437,http://dx.doi.org/10.2903/j.efsa.2010.1535,Open Food Facts additives taxonomy (ODbL)
INS:155,155,E155,Brown ht,Chocolate brown HT,COLOUR,colour,Colour,"Colours are substances which add or restore colour in a food, and include natural constituents of foods and natural sources which are normally not consumed as foods as such and not normally used as characteristic ingredients of food.",yes,yes,https://www.wikidata.org/wiki/Q424541,https://efsa.onlinelibrary.wiley.com/doi/epdf/10.2903/j.efsa.2014.3719,Open Food Facts additives taxonomy (ODbL)
INS:159,159,E159,E15x,E15x food additive|E15x,COLOUR,,,,yes,yes,,,Open Food Facts additives taxonomy (ODbL)
INS:160,160,E160,Carotenoids,,COLOUR,,,,maybe,maybe,https://www.wikidata.org/wiki/Q191907,http://dx.doi.org/10.2903/j.efsa.2014.3492,Open Food Facts additives taxonomy (ODbL)
INS:160a,160a,E160a,carotene,carotene color,COLOUR,colour,Colour,"Colours are substances which add or restore colour in a food, and include natural constituents of foods and natural sources which are normally not consumed as foods as such and not normally used as characteristic ingredients of food.",maybe,maybe,https://www.wikidata.org/wiki/Q190156,http://dx.doi.org/10.2903/j.efsa.2016.4434,Open Food Facts additives taxonomy (ODbL)
INS:160ai,160ai,E160ai,Beta-carotene,b-carotene|beta-carotene color,COLOUR,colour,Colour,"Colours are substances which add or restore colour in a food, and include natural constituents of foods and natural sources which are normally not consumed as foods as such and not normally used as characteristic ingredients of food.",maybe,maybe,https://www.wikidata.org/wiki/Q306135,http://dx.doi.org/10.2903/j.efsa.2016.4434,Open Food Facts additives taxonomy (ODbL)
INS:160aii,160aii,E160aii,Plant carotenes,,COLOUR,colour,Colour,"Colours are substances which add or restore colour in a food, and include natural constituents of foods and natural sources which are normally not consumed as foods as such and not normally used as characteristic ingredients of food.",yes,yes,,http://dx.doi.org/10.2903/j.efsa.2016.4434,Open Food Facts additives taxonomy (ODbL)
INS:160aiii,160aiii,E160aiii,Beta-carotene from blakeslea trispora,,COLOUR,colour,Colour,"Colours are substances which add or restore colour in a food, and include natural constituents of foods and natural sources which are normally not consumed as foods as such and not normally used as characteristic ingredients of food.",yes,yes,,http://dx.doi.org/10.2903/j.efsa.2016.4434,Open Food Facts additives taxonomy (ODbL)
INS:160aiv,160aiv,E160aiv,Algal carotenes,,COLOUR,colour,Colour,"Colours are substances which add or restore colour in a food, and include natural constituents of foods and natural sources which are normally not consumed as foods as such and not normally used as characteristic ingredients of food.",yes,yes,,http://dx.doi.org/10.2903/j.efsa.2016.4434,Open Food Facts additives taxonomy (ODbL)
INS:160b,160b,E160b,Annatto,bixin|norbixin|roucou|achiote|annatto norbixin|annatto bixin|Orlean|Terre orellana|L. Orange|CI Natural Orange 4|annatto color,COLOUR,colour,Colour,"Colours are substances which add or restore colour in a food, and include natural constituents of foods and natural sources which are normally not consumed as foods as such and not normally used as characteristic ingredients of food.",yes,yes,https://www.wikidata.org/wiki/Q425902,http://dx.doi.org/10.2903/j.efsa.2016.4544,Open Food Facts additives taxonomy (ODbL)
INS:160bi,160bi,E160bi,Annatto bixin,Bixin,COLOUR,colour,Colour,"Colours are substances which add or restore colour in a food, and include natural constituents of foods and natural sources which are normally not consumed as foods as such and not normally used as characteristic ingredients of food.",,,,,Open Food Facts additives taxonomy (ODbL)
INS:160bii,160bii,E160bii,Annatto norbixin,Norbixin,COLOUR,colour,Colour,"Colours are substances which add or restore colour in a food, and include natural constituents of foods and natural sources which are normally not consumed as foods as such and not normally used as characteristic ingredients of food.",,,,,Open Food Facts additives taxonomy (ODbL)
INS:160biii,160biii,E160biii,Oil-extracted annatto,,COLOUR,,,,,,,,Open Food Facts additives taxonomy (ODbL)
INS:160c,160c,E160c,Paprika extract,capsanthin|capsorubin|Paprika oleoresin|oleoresin of paprika|oleoresin paprika|paprika color|colored with paprika|paprika oleoresin color|oleoresin paprika color,COLOUR,colour,Colour,"Colours are substances which add or restore colour in a food, and include natural constituents of foods and natural sources which are normally not consumed as foods as such and not normally used as characteristic ingredients of food.",yes,yes,,http://dx.doi.org/10.2903/j.efsa.2015.4320,Open Food Facts additives taxonomy (ODbL)
INS:160ci,160ci,E160ci,,,COLOUR,,,,,,,,Open Food Facts additives taxonomy (ODbL)
INS:160cii,160cii,E160cii,,,COLOUR,,,,,,,,Open Food Facts additives taxonomy (ODbL)
INS:160d,160d,E160d,Lycopene,,COLOUR,colour,Colour,"Colours are substances which add or restore colour in a food, and include natural constituents of foods and natural sources which are normally not consumed as foods as such and not normally used as characteristic ingredients of food.",yes,yes,https://www.wikidata.org/wiki/Q208130,http://dx.doi.org/10.2903/j.efsa.2014.3492,Open Food Facts additives taxonomy (ODbL)
INS:160di,160di,E160di,"Lycopene, synthetic",,COLOUR,,,,,,,,Open Food Facts additives taxonomy (ODbL)
INS:160dii,160dii,E160dii,"Lycopene, tomato",,COLOUR,,,,,,,,Open Food Facts additives taxonomy (ODbL)
INS:160diii,160diii,E160diii,"Lycopene, Blakeslea trispora",,COLOUR,,,,,,,,Open Food Facts additives taxonomy (ODbL)
INS:160e,160e,E160e,Beta-apo-8′-carotenal (c30),Apocarotenal|Beta-apo-8'-carotenal|C.I. Food orange 6|E number 160E|Trans-beta-apo-8'-carotenal|C30H40O|apo carotenal|apocarotenal color,COLOUR,colour,Colour,"Colours are substances which add or restore colour in a food, and include natural constituents of foods and natural sources which are normally not consumed as foods as such and not normally used as characteristic ingredients of food.",yes,yes,,http://dx.doi.org/10.2903/j.efsa.2014.3492,Open Food Facts additives taxonomy (ODbL)
INS:160f,160f,E160f,Ethyl ester of beta-apo-8'-carotenic acid (C 30),Ethyl ester of beta-apo-8'-carotenic acid|Food orange 7,COLOUR,colour,Colour,"Colours are substances which add or restore colour in a food, and include natural constituents of foods and natural sources which are normally not consumed as foods as such and not normally used as characteristic ingredients of food.",yes,yes,,http://dx.doi.org/10.2903/j.efsa.2014.3492,Open Food Facts additives taxonomy (ODbL)
INS:161,161,E161,Xanthophylls,,COLOUR,,,,yes,yes,,http://dx.doi.org/10.2903/j.efsa.2010.1852,Open Food Facts additives taxonomy (ODbL)
INS:161a,161a,E161a,Flavoxanthin,,COLOUR,,,,yes,yes,,http://dx.doi.org/10.2903/j.efsa.2010.1852,Open Food Facts additives taxonomy (ODbL)
INS:161b,161b,E161b,Lutein,Mixed Carotenoids|Xanthophyll|tagete extract,COLOUR,colour,Colour,"Colours are substances which add or restore colour in a food, and include natural constituents of foods and natural sources which are normally not consumed as foods as such and not normally used as characteristic ingredients of food.",yes,yes,https://www.wikidata.org/wiki/Q422067,http://dx.doi.org/10.2903/j.efsa.2010.1678,Open Food Facts additives taxonomy (ODbL)
INS:161bi,161bi,E161bi,Lutein from Tagetes erecta,,COLOUR,,,,,,,,Open Food Facts additives taxonomy (ODbL)
INS:161bii,161bii,E161bii,,,COLOUR,,,,,,,,Open Food Facts additives taxonomy (ODbL)
INS:161biii,161biii,E161biii,Lutein esters from Tagetes erecta,,COLOUR,,,,,,,,Open Food Facts additives taxonomy (ODbL)
INS:161c,161c,E161c,Cryptoaxanthin,Cryptoxanthin,COLOUR,,,,yes,yes,,http://dx.doi.org/10.2903/j.efsa.2010.1852,Open Food Facts additives taxonomy (ODbL)
INS:161d,161d,E161d,Rubixanthin,,COLOUR,,,,yes,yes,,http://dx.doi.org/10.2903/j.efsa.2010.1852,Open Food Facts additives taxonomy (ODbL)
INS:161e,161e,E161e,Violaxanthin,,COLOUR,,,,yes,yes,,http://dx.doi.org/10.2903/j.efsa.2010.1852,Open Food Facts additives taxonomy (ODbL)
INS:161f,161f,E161f,Rhodoxanthin,,COLOUR,,,,yes,yes,,http://dx.doi.org/10.2903/j.efsa.2010.1852,Open Food Facts additives taxonomy (ODbL)
INS:161g,161g,E161g,Canthaxanthin,,COLOUR,colour,Colour,"Colours are substances which add or restore colour in a food, and include natural constituents of foods and natural sources which are normally not consumed as foods as such and not normally used as characteristic ingredients of food.",yes,yes,,http://dx.doi.org/10.2903/j.efsa.2010.1852,Open Food Facts additives taxonomy (ODbL)
INS:161h,161h,E161h,Zeaxanthin,,COLOUR,colour,Colour,"Colours are substances which add or restore colour in a food, and include natural constituents of foods and natural sources which are normally not consumed as foods as such and not normally used as characteristic ingredients of food.",yes,yes,,http://dx.doi.org/10.2903/j.efsa.2010.1852,Open Food Facts additives taxonomy (ODbL)
INS:161hi,161hi,E161hi,"Zeaxanthin, synthetic",,COLOUR,,,,,,,,Open Food Facts additives taxonomy (ODbL)
INS:161hii,161hii,E161hii,,,COLOUR,,,,,,,,Open Food Facts additives taxonomy (ODbL)
INS:161i,161i,E161i,Citranaxanthin,,COLOUR,,,,yes,yes,,http://dx.doi.org/10.2903/j.efsa.2010.1852,Open Food Facts additives taxonomy (ODbL)
INS:161j,161j,E161j,Astaxanthin,,COLOUR,,,,yes,yes,,http://dx.doi.org/10.2903/j.efsa.2010.1852,Open Food Facts additives taxonomy (ODbL)
INS:162,162,E162,Beetroot red,betanin,COLOUR,colour,Colour,"Colours are substances which add or restore colour in a food, and include natural constituents of foods and natural sources which are normally not consumed as foods as such and not normally used as characteristic ingredients of food.",yes,yes,https://www.wikidata.org/wiki/Q420138,http://dx.doi.org/10.2903/j.efsa.2015.4318,Open Food Facts additives taxonomy (ODbL)
INS:163,163,E163,Anthocyanins,Anthocyanin,COLOUR,colour,Colour,"Colours are substances which add or restore colour in a food, and include natural constituents of foods and natural sources which are normally not consumed as foods as such and not normally used as characteristic ingredients of food.",yes,yes,https://www.wikidata.org/wiki/Q262547,http://dx.doi.org/10.2903/j.efsa.2013.3145,Open Food Facts additives taxonomy (ODbL)
INS:163a,163a,E163a,Cyanidin,,COLOUR,colour,Colour,"Colours are substances which add or restore colour in a food, and include natural constituents of foods and natural sources which are normally not consumed as foods as such and not normally used as characteristic ingredients of food.",yes,yes,https://www.wikidata.org/wiki/Q417606,http://dx.doi.org/10.2903/j.efsa.2013.3145,Open Food Facts additives taxonomy (ODbL)
INS:163b,163b,E163b,Delphinidin,,COLOUR,colour,Colour,"Colours are substances which add or restore colour in a food, and include natural constituents of foods and natural sources which are normally not consumed as foods as such and not normally used as characteristic ingredients of food.",yes,yes,https://www.wikidata.org/wiki/Q367258,http://dx.doi.org/10.2903/j.efsa.2013.3145,Open Food Facts additives taxonomy (ODbL)
INS:163c,163c,E163c,Malvidin,,COLOUR,colour,Colour,"Colours are substances which add or restore colour in a food, and include natural constituents of foods and natural sources which are normally not consumed as foods as such and not normally used as characteristic ingredients of food.",yes,yes,https://www.wikidata.org/wiki/Q137220,http://dx.doi.org/10.2903/j.efsa.2013.3145,Open Food Facts additives taxonomy (ODbL)
INS:163d,163d,E163d,Pelargonidin,,COLOUR,colour,Colour,"Colours are substances which add or restore colour in a food, and include natural constituents of foods and natural sources which are normally not consumed as foods as such and not normally used as characteristic ingredients of food.",yes,yes,https://www.wikidata.org/wiki/Q2522451,http://dx.doi.org/10.2903/j.efsa.2013.3145,Open Food Facts additives taxonomy (ODbL)
INS:163e,163e,E163e,Peonidin,,COLOUR,colour,Colour,"Colours are substances which add or restore colour in a food, and include natural constituents of foods and natural sources which are normally not consumed as foods as such and not normally used as characteristic ingredients of food.",yes,yes,https://www.wikidata.org/wiki/Q3072948,http://dx.doi.org/10.2903/j.efsa.2013.3145,Open Food Facts additives taxonomy (ODbL)
INS:163f,163f,E163f,Petunidin,,COLOUR,colour,Colour,"Colours are substances which add or restore colour in a food, and include natural constituents of foods and natural sources which are normally not consumed as foods as such and not normally used as characteristic ingredients of food.",yes,yes,https://www.wikidata.org/wiki/Q27145212,http://dx.doi.org/10.2903/j.efsa.2013.3145,Open Food Facts additives taxonomy (ODbL)
INS:163ii,163ii,E163ii,,,COLOUR,colour,Colour,"Colours are substances which add or restore colour in a food, and include natural constituents of foods and natural sources which are normally not consumed as foods as such and not normally used as characteristic ingredients of food.",,,,,Open Food Facts additives taxonomy (ODbL)
INS:163iii,163iii,E163iii,,,COLOUR,colour,Colour,"Colours are substances which add or restore colour in a food, and include natural constituents of foods and natural sources which are normally not consumed as foods as such and not normally used as characteristic ingredients of food.",,,,,Open Food Facts additives taxonomy (ODbL)
INS:163iv,163iv,E163iv,,,COLOUR,colour,Colour,"Colours are substances which add or restore colour in a food, and include natural constituents of foods and natural sources which are normally not consumed as foods as such and not normally used as characteristic ingredients of food.",,,,,Open Food Facts additives taxonomy (ODbL)
INS:163ix,163ix,E163ix,,,COLOUR,colour,Colour,"Colours are substances which add or restore colour in a food, and include natural constituents of foods and natural sources which are normally not consumed as foods as such and not normally used as characteristic ingredients of food.",,,,,Open Food Facts additives taxonomy (ODbL)
INS:163v,163v,E163v,,,COLOUR,colour,Colour,"Colours are substances which add or restore colour in a food, and include natural constituents of foods and natural sources which are normally not consumed as foods as such and not normally used as characteristic ingredients of food.",,,,,Open Food Facts additives taxonomy (ODbL)
INS:163vi,163vi,E163vi,,,COLOUR,colour,Colour,"Colours are substances which add or restore colour in a food, and include natural constituents of foods and natural sources which are normally not consumed as foods as such and not normally used as characteristic ingredients of food.",,,,,Open Food Facts additives taxonomy (ODbL)
INS:163vii,163vii,E163vii,,,COLOUR,colour,Colour,"Colours are substances which add or restore colour in a food, and include natural constituents of foods and natural sources which are normally not consumed as foods as such and not normally used as characteristic ingredients of food.",,,,,Open Food Facts additives taxonomy (ODbL)
INS:163viii,163viii,E163viii,,,COLOUR,colour,Colour,"Colours are substances which add or restore colour in a food, and include natural constituents of foods and natural sources which are normally not consumed as foods as such and not normally used as characteristic ingredients of food.",,,,,Open Food Facts additives taxonomy (ODbL)
INS:163x,163x,E163x,,,COLOUR,colour,Colour,"Colours are substances which add or restore colour in a food, and include natural constituents of foods and natural sources which are normally not consumed as foods as such and not normally used as characteristic ingredients of food.",,,,,Open Food Facts additives taxonomy (ODbL)
INS:163xi,163xi,E163xi,,,COLOUR,colour,Colour,"Colours are substances which add or restore colour in a food, and include natural constituents of foods and natural sources which are normally not consumed as foods as such and not normally used as characteristic ingredients of food.",,,,,Open Food Facts additives taxonomy (ODbL)
INS:164,164,E164,saffron,Gardenia Yellow,COLOUR,,,,yes,yes,https://www.wikidata.org/wiki/Q25434,,Open Food Facts additives taxonomy (ODbL)
INS:165,165,E165,Gardenia Blue,,COLOUR,,,,yes,yes,,,Open Food Facts additives taxonomy (ODbL)
INS:166,166,E166,Sandalwood,,COLOUR,,,,yes,yes,,,Open Food Facts additives taxonomy (ODbL)
INS:170,170,E170,Calcium carbonates,,ADDITIVE,,,,yes,yes,,,Open Food Facts additives taxonomy (ODbL)
INS:170i,170i,E170i,Calcium carbonate,CI Pigment White 18|Chalk,ADDITIVE,colour|stabiliser,"Colour, Stabiliser","Colours are substances which add or restore colour in a food, and include natural constituents of foods and natural sources which are normally not consumed as foods as such and not normally used as characteristic ingredients of food.",maybe,maybe,https://www.wikidata.org/wiki/Q23767,http://www.efsa.europa.eu/fr/efsajournal/doc/2318.pdf,Open Food Facts additives taxonomy (ODbL)
INS:170ii,170ii,E170ii,Calcium hydrogen carbonate,Calcium bicarbonate|Calcium acid carbonate,ADDITIVE,,,,,,https://www.wikidata.org/wiki/Q415144,,Open Food Facts additives taxonomy (ODbL)
INS:171,171,E171,Titanium dioxide,titanium dioxide color,COLOUR,colour,Colour,"Colours are substances which add or restore colour in a food, and include natural constituents of foods and natural sources which are normally not consumed as foods as such and not normally used as characteristic ingredients of food.",yes,yes,https://www.wikidata.org/wiki/Q193521,http://dx.doi.org/10.2903/j.efsa.2016.4545,Open Food Facts additives taxonomy (ODbL)
INS:172,172,E172,Iron oxides and iron hydroxides,,COLOUR,colour,Colour,"Colours are substances which add or restore colour in a food, and include natural constituents of foods and natural sources which are normally not consumed as foods as such and not normally used as characteristic ingredients of food.",yes,yes,https://www.wikidata.org/wiki/Q3045754,,Open Food Facts additives taxonomy (ODbL)
INS:172i,172i,E172i,Black iron oxide,,COLOUR,colour,Colour,"Colours are substances which add or restore colour in a food, and include natural constituents of foods and natural sources which are normally not consumed as foods as such and not normally used as characteristic ingredients of food.",yes,yes,https://www.wikidata.org/wiki/Q3045754,http://dx.doi.org/10.2903/j.efsa.2015.4317,Open Food Facts additives taxonomy (ODbL)
INS:172ii,172ii,E172ii,Red iron oxide,iron(III) oxide|ferric oxide,COLOUR,colour,Colour,"Colours are substances which add or restore colour in a food, and include natural constituents of foods and natural sources which are normally not consumed as foods as such and not normally used as characteristic ingredients of food.",,,https://www.wikidata.org/wiki/Q3045754,http://dx.doi.org/10.2903/j.efsa.2015.4317,Open Food Facts additives taxonomy (ODbL)
INS:172iii,172iii,E172iii,Yellow iron oxide,,COLOUR,colour,Colour,"Colours are substances which add or restore colour in a food, and include natural constituents of foods and natural sources which are normally not consumed as foods as such and not normally used as characteristic ingredients of food.",,,https://www.wikidata.org/wiki/Q3045754,http://dx.doi.org/10.2903/j.efsa.2015.4317,Open Food Facts additives taxonomy (ODbL)
INS:173,173,E173,Aluminium,Aluminum|element 13,COLOUR,,,,yes,yes,https://www.wikidata.org/wiki/Q663,,Open Food Facts additives taxonomy (ODbL)
INS:174,174,E174,Silver,element 47,COLOUR,,,,yes,yes,https://www.wikidata.org/wiki/Q1090,http://dx.doi.org/10.2903/j.efsa.2016.4364,Open Food Facts additives taxonomy (ODbL)
INS:175,175,E175,Gold,Pigment Metal 3|element 79,COLOUR,,,,yes,yes,https://www.wikidata.org/wiki/Q897,http://dx.doi.org/10.2903/j.efsa.2016.4362,Open Food Facts additives taxonomy (ODbL)
INS:180,180,E180,Litholrubine bk,CI Pigment Red 57|Rubinpigment|Pigment Rubine|Lithol rubine bk,COLOUR,,,,yes,yes,https://www.wikidata.org/wiki/Q427230,http://dx.doi.org/10.2903/j.efsa.2010.1586,Open Food Facts additives taxonomy (ODbL)
INS:181,181,E181,Tannin,,COLOUR,colour|emulsifier|stabiliser|thickener,"Colour, Emulsifier, Stabiliser, Thickener","Colours are substances which add or restore colour in a food, and include natural constituents of foods and natural sources which are normally not consumed as foods as such and not normally used as characteristic ingredients of food.",yes,yes,https://www.wikidata.org/wiki/Q187607,,Open Food Facts additives taxonomy (ODbL)
INS:182,182,E182,Orcein,,COLOUR,,,,yes,yes,https://www.wikidata.org/wiki/Q425645,,Open Food Facts additives taxonomy (ODbL)
INS:200,200,E200,Sorbic acid,,PRESERVATIVE,preservative,Preservative,Preservatives are substances which prolong the shelf-life of foods by protecting them against deterioration caused by micro-organisms and/or which protect against growth of pathogenic micro-organisms.,yes,yes,https://www.wikidata.org/wiki/Q407131,https://efsa.onlinelibrary.wiley.com/doi/epdf/10.2903/j.efsa.2015.4144,Open Food Facts additives taxonomy (ODbL)
INS:201,201,E201,Sodium sorbate,"sodium (E,E)-hexa-2,4-dienoate",PRESERVATIVE,preservative,Preservative,Preservatives are substances which prolong the shelf-life of foods by protecting them against deterioration caused by micro-organisms and/or which protect against growth of pathogenic micro-organisms.,yes,yes,https://www.wikidata.org/wiki/Q420152,,Open Food Facts additives taxonomy (ODbL)
INS:202,202,E202,Potassium sorbate,1k202,PRESERVATIVE,preservative,Preservative,Preservatives are substances which prolong the shelf-life of foods by protecting them against deterioration caused by micro-organisms and/or which protect against growth of pathogenic micro-organisms.,yes,yes,https://www.wikidata.org/wiki/Q410744,https://efsa.onlinelibrary.wiley.com/doi/epdf/10.2903/j.efsa.2015.4144,Open Food Facts additives taxonomy (ODbL)
INS:203,203,E203,Calcium sorbate,,PRESERVATIVE,preservative,Preservative,Preservatives are substances which prolong the shelf-life of foods by protecting them against deterioration caused by micro-organisms and/or which protect against growth of pathogenic micro-organisms.,yes,yes,https://www.wikidata.org/wiki/Q425183,http://dx.doi.org/10.2903/j.efsa.2015.4144,Open Food Facts additives taxonomy (ODbL)
INS:209,209,E209,Heptylparaben,,PRESERVATIVE,,,,yes,yes,https://www.wikidata.org/wiki/Q5732121,,Open Food Facts additives taxonomy (ODbL)
INS:210,210,E210,Benzoic acid,,PRESERVATIVE,preservative,Preservative,Preservatives are substances which prolong the shelf-life of foods by protecting them against deterioration caused by micro-organisms and/or which protect against growth of pathogenic micro-organisms.,yes,yes,https://www.wikidata.org/wiki/Q191700,http://dx.doi.org/10.2903/j.efsa.2016.4433,Open Food Facts additives taxonomy (ODbL)
INS:211,211,E211,Sodium benzoate,,PRESERVATIVE,preservative,Preservative,Preservatives are substances which prolong the shelf-life of foods by protecting them against deterioration caused by micro-organisms and/or which protect against growth of pathogenic micro-organisms.,yes,yes,https://www.wikidata.org/wiki/Q423971,http://dx.doi.org/10.2903/j.efsa.2016.4433,Open Food Facts additives taxonomy (ODbL)
INS:212,212,E212,Potassium benzoate,,PRESERVATIVE,preservative,Preservative,Preservatives are substances which prolong the shelf-life of foods by protecting them against deterioration caused by micro-organisms and/or which protect against growth of pathogenic micro-organisms.,yes,yes,https://www.wikidata.org/wiki/Q413611,http://dx.doi.org/10.2903/j.efsa.2016.4433,Open Food Facts additives taxonomy (ODbL)
INS:213,213,E213,Calcium benzoate,,PRESERVATIVE,preservative,Preservative,Preservatives are substances which prolong the shelf-life of foods by protecting them against deterioration caused by micro-organisms and/or which protect against growth of pathogenic micro-organisms.,yes,yes,https://www.wikidata.org/wiki/Q414509,http://dx.doi.org/10.2903/j.efsa.2016.4433,Open Food Facts additives taxonomy (ODbL)
INS:214,214,E214,Ethyl p-hydroxybenzoate,Ethylparaben|ethyl para-hydroxybenzoate,PRESERVATIVE,preservative,Preservative,Preservatives are substances which prolong the shelf-life of foods by protecting them against deterioration caused by micro-organisms and/or which protect against growth of pathogenic micro-organisms.,yes,yes,https://www.wikidata.org/wiki/Q229976,http://dx.doi.org/10.2903/j.efsa.2004.83,Open Food Facts additives taxonomy (ODbL)
INS:215,215,E215,Sodium ethyl p-hydroxybenzoate,Sodium ethyl p-hydroxybenzoate,PRESERVATIVE,,,,yes,yes,,,Open Food Facts additives taxonomy (ODbL)
INS:216,216,E216,Propyl para-hydroxybenzoate,Sodium Salt of Propyl-p-hydroxy Benzoic Acid|Propylparaben|propyl paraben,PRESERVATIVE,,,,yes,yes,https://www.wikidata.org/wiki/Q511627,,Open Food Facts additives taxonomy (ODbL)
INS:217,217,E217,Sodium propyl para-hydroxybenzoate,,PRESERVATIVE,,,,yes,yes,https://www.wikidata.org/wiki/Q18967279,,Open Food Facts additives taxonomy (ODbL)
INS:218,218,E218,Methyl p-hydroxybenzoate,Methylparaben|methyl 4-hydroxybenzoate|methyl paraben,PRESERVATIVE,preservative,Preservative,Preservatives are substances which prolong the shelf-life of foods by protecting them against deterioration caused by micro-organisms and/or which protect against growth of pathogenic micro-organisms.,yes,yes,https://www.wikidata.org/wiki/Q229987,,Open Food Facts additives taxonomy (ODbL)
INS:219,219,E219,Sodium methyl p-hydroxybenzoate,sodium methylparaben,PRESERVATIVE,,,,yes,yes,https://www.wikidata.org/wiki/Q3963920,,Open Food Facts additives taxonomy (ODbL)
INS:220,220,E220,Sulphur dioxide,Sulfur dioxide,PRESERVATIVE,antioxidant|preservative,"Antioxidant, Preservative","Antioxidants are substances which prolong the shelf-life of foods by protecting them against deterioration caused by oxidation, such as fat rancidity and colour changes.",yes,yes,https://www.wikidata.org/wiki/Q5282,http://dx.doi.org/10.2903/j.efsa.2016.4438,Open Food Facts additives taxonomy (ODbL)
INS:221,221,E221,Sodium sulphite,Sodium sulfite,PRESERVATIVE,antioxidant|preservative,"Antioxidant, Preservative","Antioxidants are substances which prolong the shelf-life of foods by protecting them against deterioration caused by oxidation, such as fat rancidity and colour changes.",yes,yes,https://www.wikidata.org/wiki/Q407806,http://dx.doi.org/10.2903/j.efsa.2016.4438,Open Food Facts additives taxonomy (ODbL)
INS:222,222,E222,Sodium bisulphite,Sodium bisulfite,PRESERVATIVE,antioxidant|preservative,"Antioxidant, Preservative","Antioxidants are substances which prolong the shelf-life of foods by protecting them against deterioration caused by oxidation, such as fat rancidity and colour changes.",yes,yes,https://www.wikidata.org/wiki/Q407891,http://dx.doi.org/10.2903/j.efsa.2016.4438,Open Food Facts additives taxonomy (ODbL)
INS:223,223,E223,Sodium metabisulphite,Pyrosulphite|Sodium metabisulfite|Pyrosulfite,PRESERVATIVE,antioxidant|preservative,"Antioxidant, Preservative","Antioxidants are substances which prolong the shelf-life of foods by protecting them against deterioration caused by oxidation, such as fat rancidity and colour changes.",yes,yes,https://www.wikidata.org/wiki/Q284549,http://dx.doi.org/10.2903/j.efsa.2016.4438,Open Food Facts additives taxonomy (ODbL)
INS:224,224,E224,Potassium metabisulphite,Potassium metabisulfite,PRESERVATIVE,antioxidant|preservative,"Antioxidant, Preservative","Antioxidants are substances which prolong the shelf-life of foods by protecting them against deterioration caused by oxidation, such as fat rancidity and colour changes.",yes,yes,https://www.wikidata.org/wiki/Q417881,http://dx.doi.org/10.2903/j.efsa.2016.4438,Open Food Facts additives taxonomy (ODbL)
INS:225,225,E225,Calcium Disulphite,Calcium Disulfite|Calcium Pyrosulphite|Calcium Pyrosulfite|Potassium sulfite|Potassium sulphite,PRESERVATIVE,antioxidant|preservative,"Antioxidant, Preservative","Antioxidants are substances which prolong the shelf-life of foods by protecting them against deterioration caused by oxidation, such as fat rancidity and colour changes.",yes,yes,https://www.wikidata.org/wiki/Q417109,,Open Food Facts additives taxonomy (ODbL)
INS:226,226,E226,Calcium sulphite,Calcium sulfite,PRESERVATIVE,,,,yes,yes,https://www.wikidata.org/wiki/Q899410,http://dx.doi.org/10.2903/j.efsa.2016.4438,Open Food Facts additives taxonomy (ODbL)
INS:227,227,E227,Calcium bisulphite,Calcium bisulfite,PRESERVATIVE,,,,yes,yes,https://www.wikidata.org/wiki/Q419619,http://dx.doi.org/10.2903/j.efsa.2016.4438,Open Food Facts additives taxonomy (ODbL)
INS:228,228,E228,Potassium bisulphite,Potassium bisulfite,PRESERVATIVE,,,,yes,yes,https://www.wikidata.org/wiki/Q412524,http://dx.doi.org/10.2903/j.efsa.2016.4438,Open Food Facts additives taxonomy (ODbL)
INS:230,230,E230,Biphenyl,diphenyl|(C6H5)2,PRESERVATIVE,preservative,Preservative,Preservatives are substances which prolong the shelf-life of foods by protecting them against deterioration caused by micro-organisms and/or which protect against growth of pathogenic micro-organisms.,yes,yes,https://www.wikidata.org/wiki/Q410915,,Open Food Facts additives taxonomy (ODbL)
INS:231,231,E231,Orthophenyl phenol,2-hydroxybiphenyl,PRESERVATIVE,preservative,Preservative,Preservatives are substances which prolong the shelf-life of foods by protecting them against deterioration caused by micro-organisms and/or which protect against growth of pathogenic micro-organisms.,yes,yes,,,Open Food Facts additives taxonomy (ODbL)
INS:232,232,E232,Sodium orthophenyl phenol,,PRESERVATIVE,preservative,Preservative,Preservatives are substances which prolong the shelf-life of foods by protecting them against deterioration caused by micro-organisms and/or which protect against growth of pathogenic micro-organisms.,yes,yes,https://www.wikidata.org/wiki/Q6581446,,Open Food Facts additives taxonomy (ODbL)
INS:233,233,E233,Thiabendazole,,PRESERVATIVE,,,,yes,yes,,,Open Food Facts additives taxonomy (ODbL)
INS:234,234,E234,Nisin,,PRESERVATIVE,preservative,Preservative,Preservatives are substances which prolong the shelf-life of foods by protecting them against deterioration caused by micro-organisms and/or which protect against growth of pathogenic micro-organisms.,yes,yes,https://www.wikidata.org/wiki/Q415798,http://dx.doi.org/10.2903/j.efsa.2006.314,Open Food Facts additives taxonomy (ODbL)
INS:235,235,E235,Natamycin,Pimaracin,PRESERVATIVE,preservative,Preservative,Preservatives are substances which prolong the shelf-life of foods by protecting them against deterioration caused by micro-organisms and/or which protect against growth of pathogenic micro-organisms.,yes,yes,https://www.wikidata.org/wiki/Q248466,http://dx.doi.org/10.2903/j.efsa.2009.1412,Open Food Facts additives taxonomy (ODbL)
INS:236,236,E236,Formic acid,methanoic acid,PRESERVATIVE,,,,yes,yes,https://www.wikidata.org/wiki/Q161233,,Open Food Facts additives taxonomy (ODbL)
INS:237,237,E237,Sodium formiate,Sodium formate,PRESERVATIVE,,,,yes,yes,https://www.wikidata.org/wiki/Q409209,,Open Food Facts additives taxonomy (ODbL)
INS:238,238,E238,Calcium formiate,calcium formate,PRESERVATIVE,,,,yes,yes,https://www.wikidata.org/wiki/Q221123,,Open Food Facts additives taxonomy (ODbL)
INS:239,239,E239,Hexamethylene tetramine,Hexamine|hexamethylenetetramine,PRESERVATIVE,preservative,Preservative,Preservatives are substances which prolong the shelf-life of foods by protecting them against deterioration caused by micro-organisms and/or which protect against growth of pathogenic micro-organisms.,yes,yes,https://www.wikidata.org/wiki/Q71969,http://dx.doi.org/10.2903/j.efsa.2014.3696,Open Food Facts additives taxonomy (ODbL)
INS:240,240,E240,Formaldehyde,methanal,PRESERVATIVE,,,,yes,yes,https://www.wikidata.org/wiki/Q161210,,Open Food Facts additives taxonomy (ODbL)
INS:241,241,E241,Gum Guaicum,,PRESERVATIVE,,,,yes,yes,,,Open Food Facts additives taxonomy (ODbL)
INS:242,242,E242,Dimethyl dicarbonate,DMDC|methoxycarbonyl methyl carbonate|dicarbonic acid dimethyl ester|Velcorin,PRESERVATIVE,preservative,Preservative,Preservatives are substances which prolong the shelf-life of foods by protecting them against deterioration caused by micro-organisms and/or which protect against growth of pathogenic micro-organisms.,yes,yes,https://www.wikidata.org/wiki/Q416985,http://dx.doi.org/10.2903/j.efsa.2015.4319,Open Food Facts additives taxonomy (ODbL)
INS:243,243,E243,Ethyl lauroyl arginate,,PRESERVATIVE,preservative,Preservative,Preservatives are substances which prolong the shelf-life of foods by protecting them against deterioration caused by micro-organisms and/or which protect against growth of pathogenic micro-organisms.,yes,yes,https://www.wikidata.org/wiki/Q18608852,https://efsa.onlinelibrary.wiley.com/doi/10.2903/j.efsa.2019.5621,Open Food Facts additives taxonomy (ODbL)
INS:246,246,E246,Glycolipids,,PRESERVATIVE,,,,,,,,Open Food Facts additives taxonomy (ODbL)
INS:249,249,E249,Potassium nitrite,,PRESERVATIVE,preservative,Preservative,Preservatives are substances which prolong the shelf-life of foods by protecting them against deterioration caused by micro-organisms and/or which protect against growth of pathogenic micro-organisms.,yes,yes,https://www.wikidata.org/wiki/Q409179,,Open Food Facts additives taxonomy (ODbL)
INS:250,250,E250,Sodium nitrite,NaNO2,PRESERVATIVE,preservative,Preservative,Preservatives are substances which prolong the shelf-life of foods by protecting them against deterioration caused by micro-organisms and/or which protect against growth of pathogenic micro-organisms.,yes,yes,https://www.wikidata.org/wiki/Q339975,https://zenodo.org/record/1252752/files/EFSAOutputs_KJ_2018.xlsx,Open Food Facts additives taxonomy (ODbL)
INS:251,251,E251,Sodium nitrate,,PRESERVATIVE,preservative,Preservative,Preservatives are substances which prolong the shelf-life of foods by protecting them against deterioration caused by micro-organisms and/or which protect against growth of pathogenic micro-organisms.,yes,yes,https://www.wikidata.org/wiki/Q184373,https://efsa.onlinelibrary.wiley.com/doi/epdf/10.2903/j.efsa.2017.4787,Open Food Facts additives taxonomy (ODbL)
INS:252,252,E252,Potassium nitrate,,PRESERVATIVE,preservative,Preservative,Preservatives are substances which prolong the shelf-life of foods by protecting them against deterioration caused by micro-organisms and/or which protect against growth of pathogenic micro-organisms.,yes,yes,https://www.wikidata.org/wiki/Q177836,https://efsa.onlinelibrary.wiley.com/doi/epdf/10.2903/j.efsa.2017.4787,Open Food Facts additives taxonomy (ODbL)
INS:260,260,E260,Acetic acid,ethanoic acid,ADDITIVE,preservative,Preservative,Preservatives are substances which prolong the shelf-life of foods by protecting them against deterioration caused by micro-organisms and/or which protect against growth of pathogenic micro-organisms.,yes,yes,https://www.wikidata.org/wiki/Q47512,,Open Food Facts additives taxonomy (ODbL)
INS:261,261,E261,Potassium acetate,,ADDITIVE,preservative,Preservative,Preservatives are substances which prolong the shelf-life of foods by protecting them against deterioration caused by micro-organisms and/or which protect against growth of pathogenic micro-organisms.,yes,yes,https://www.wikidata.org/wiki/Q409199,,Open Food Facts additives taxonomy (ODbL)
INS:261i,261i,E261i,,,ADDITIVE,preservative,Preservative,Preservatives are substances which prolong the shelf-life of foods by protecting them against deterioration caused by micro-organisms and/or which protect against growth of pathogenic micro-organisms.,,,,,Open Food Facts additives taxonomy (ODbL)
INS:261ii,261ii,E261ii,Potassium diacetate,,ADDITIVE,preservative,Preservative,Preservatives are substances which prolong the shelf-life of foods by protecting them against deterioration caused by micro-organisms and/or which protect against growth of pathogenic micro-organisms.,,,,,Open Food Facts additives taxonomy (ODbL)
INS:262,262,E262,Sodium acetates,,ADDITIVE,preservative|sequestrant,"Preservative, Sequestrant",Preservatives are substances which prolong the shelf-life of foods by protecting them against deterioration caused by micro-organisms and/or which protect against growth of pathogenic micro-organisms.,yes,yes,https://www.wikidata.org/wiki/Q339940,,Open Food Facts additives taxonomy (ODbL)
INS:262i,262i,E262i,Sodium acetate,,ADDITIVE,preservative|sequestrant,"Preservative, Sequestrant",Preservatives are substances which prolong the shelf-life of foods by protecting them against deterioration caused by micro-organisms and/or which protect against growth of pathogenic micro-organisms.,,,https://www.wikidata.org/wiki/Q339940,,Open Food Facts additives taxonomy (ODbL)
INS:262ii,262ii,E262ii,Sodium diacetate,,ADDITIVE,preservative|sequestrant,"Preservative, Sequestrant",Preservatives are substances which prolong the shelf-life of foods by protecting them against deterioration caused by micro-organisms and/or which protect against growth of pathogenic micro-organisms.,,,https://www.wikidata.org/wiki/Q409655,,Open Food Facts additives taxonomy (ODbL)
INS:263,263,E263,Calcium acetate,,ADDITIVE,preservative|stabiliser,"Preservative, Stabiliser",Preservatives are substances which prolong the shelf-life of foods by protecting them against deterioration caused by micro-organisms and/or which protect against growth of pathogenic micro-organisms.,yes,yes,https://www.wikidata.org/wiki/Q409251,,Open Food Facts additives taxonomy (ODbL)
INS:264,264,E264,Ammonium acetate,,ADDITIVE,,,,yes,yes,,,Open Food Facts additives taxonomy (ODbL)
INS:265,265,E265,Dehydroacetic acid,,ADDITIVE,,,,yes,yes,https://www.wikidata.org/wiki/Q920725,,Open Food Facts additives taxonomy (ODbL)
INS:266,266,E266,Sodium dehydroacetate,,ADDITIVE,,,,yes,yes,https://www.wikidata.org/wiki/Q7553316,,Open Food Facts additives taxonomy (ODbL)
INS:267,267,E267,Buffered vinegar,,ADDITIVE,,,,yes,yes,https://www.wikidata.org/wiki/Q130547560,,Open Food Facts additives taxonomy (ODbL)
INS:270,270,E270,Lactic acid,milk acid|2-Hydroxypropanoic acid,ADDITIVE,,,,yes,yes,https://www.wikidata.org/wiki/Q56626856,,Open Food Facts additives taxonomy (ODbL)
INS:280,280,E280,Propionic acid,Propionic acid|Propanoic acid|CH3CH2COOH,PRESERVATIVE,preservative,Preservative,Preservatives are substances which prolong the shelf-life of foods by protecting them against deterioration caused by micro-organisms and/or which protect against growth of pathogenic micro-organisms.,yes,yes,https://www.wikidata.org/wiki/Q422956,http://dx.doi.org/10.2903/j.efsa.2014.3779,Open Food Facts additives taxonomy (ODbL)
INS:281,281,E281,Sodium propionate,,PRESERVATIVE,preservative,Preservative,Preservatives are substances which prolong the shelf-life of foods by protecting them against deterioration caused by micro-organisms and/or which protect against growth of pathogenic micro-organisms.,yes,yes,https://www.wikidata.org/wiki/Q420130,http://dx.doi.org/10.2903/j.efsa.2014.3779,Open Food Facts additives taxonomy (ODbL)
INS:282,282,E282,calcium propionate,calcium propanoate|cal. pro.|cal.pro.,PRESERVATIVE,preservative,Preservative,Preservatives are substances which prolong the shelf-life of foods by protecting them against deterioration caused by micro-organisms and/or which protect against growth of pathogenic micro-organisms.,yes,yes,https://www.wikidata.org/wiki/Q417394,http://dx.doi.org/10.2903/j.efsa.2014.3779,Open Food Facts additives taxonomy (ODbL)
INS:283,283,E283,Potassium propionate,Potassium propionate|Potassium propanoate,PRESERVATIVE,preservative,Preservative,Preservatives are substances which prolong the shelf-life of foods by protecting them against deterioration caused by micro-organisms and/or which protect against growth of pathogenic micro-organisms.,yes,yes,https://www.wikidata.org/wiki/Q416435,http://dx.doi.org/10.2903/j.efsa.2014.3779,Open Food Facts additives taxonomy (ODbL)
INS:284,284,E284,Boric acid,Boracic acid|Orthoboric acid,PRESERVATIVE,,,,yes,yes,https://www.wikidata.org/wiki/Q187045,http://dx.doi.org/10.2903/j.efsa.2013.3407,Open Food Facts additives taxonomy (ODbL)
INS:285,285,E285,Sodium tetraborate (borax),borax|sodium borate|sodium tetraborate|disodium tetraborate,PRESERVATIVE,,,,yes,yes,https://www.wikidata.org/wiki/Q5319,http://dx.doi.org/10.2903/j.efsa.2013.3407,Open Food Facts additives taxonomy (ODbL)
INS:290,290,E290,Carbon dioxide,Carbonic acid gas,ADDITIVE,preservative|propellent-gas,"Preservative, Propellent gas",Preservatives are substances which prolong the shelf-life of foods by protecting them against deterioration caused by micro-organisms and/or which protect against growth of pathogenic micro-organisms.,yes,yes,https://www.wikidata.org/wiki/Q1997,,Open Food Facts additives taxonomy (ODbL)
INS:296,296,E296,Malic acid,hydroxybutanedioic acid|l-malic acid,ADDITIVE,,,,yes,yes,https://www.wikidata.org/wiki/Q190143,,Open Food Facts additives taxonomy (ODbL)
INS:297,297,E297,Fumaric acid,trans-Butenedioic acid,ADDITIVE,,,,yes,yes,https://www.wikidata.org/wiki/Q139857,,Open Food Facts additives taxonomy (ODbL)
INS:300,300,E300,Ascorbic acid,l-ascorbic acid|Synonyms L-xylo-Ascorbic acid|3a300,ADDITIVE,antioxidant|sequestrant,"Antioxidant, Sequestrant","Antioxidants are substances which prolong the shelf-life of foods by protecting them against deterioration caused by oxidation, such as fat rancidity and colour changes.",yes,yes,https://www.wikidata.org/wiki/Q193598,https://efsa.onlinelibrary.wiley.com/doi/epdf/10.2903/j.efsa.2015.4087,Open Food Facts additives taxonomy (ODbL)
INS:301,301,E301,Sodium ascorbate,Sodium L-ascorbate,ADDITIVE,antioxidant,Antioxidant,"Antioxidants are substances which prolong the shelf-life of foods by protecting them against deterioration caused by oxidation, such as fat rancidity and colour changes.",yes,yes,https://www.wikidata.org/wiki/Q424551,https://efsa.onlinelibrary.wiley.com/doi/epdf/10.2903/j.efsa.2015.4087,Open Food Facts additives taxonomy (ODbL)
INS:302,302,E302,Calcium ascorbate,,ADDITIVE,antioxidant,Antioxidant,"Antioxidants are substances which prolong the shelf-life of foods by protecting them against deterioration caused by oxidation, such as fat rancidity and colour changes.",yes,yes,https://www.wikidata.org/wiki/Q283033,https://efsa.onlinelibrary.wiley.com/doi/epdf/10.2903/j.efsa.2015.4087,Open Food Facts additives taxonomy (ODbL)
INS:303,303,E303,Potassium ascorbate,,ADDITIVE,,,,yes,yes,https://www.wikidata.org/wiki/Q56410901,,Open Food Facts additives taxonomy (ODbL)
INS:304,304,E304,Fatty acid esters of ascorbic acid,ascorbic acid esters of fatty acid,ADDITIVE,antioxidant,Antioxidant,"Antioxidants are substances which prolong the shelf-life of foods by protecting them against deterioration caused by oxidation, such as fat rancidity and colour changes.",maybe,maybe,https://www.wikidata.org/wiki/Q43303953,http://dx.doi.org/10.2903/j.efsa.2015.4289,Open Food Facts additives taxonomy (ODbL)
INS:304i,304i,E304i,Ascorbyl palmitate,L-Ascorbyl Palmitate,ADDITIVE,antioxidant,Antioxidant,"Antioxidants are substances which prolong the shelf-life of foods by protecting them against deterioration caused by oxidation, such as fat rancidity and colour changes.",yes,yes,https://www.wikidata.org/wiki/Q424521,http://dx.doi.org/10.2903/j.efsa.2015.4289,Open Food Facts additives taxonomy (ODbL)
INS:304ii,304ii,E304ii,Ascorbyl stearate,,ADDITIVE,antioxidant,Antioxidant,"Antioxidants are substances which prolong the shelf-life of foods by protecting them against deterioration caused by oxidation, such as fat rancidity and colour changes.",yes,yes,https://www.wikidata.org/wiki/Q424521,http://dx.doi.org/10.2903/j.efsa.2015.4289,Open Food Facts additives taxonomy (ODbL)
INS:306,306,E306,Tocopherol-rich extract,Tocopherols|natural tocopherols|mixed tocopherols|natural mixed tocopherols|1b306i|1b306ii|1b306,ADDITIVE,,,,yes,yes,https://www.wikidata.org/wiki/Q141180,http://dx.doi.org/10.2903/j.efsa.2015.4247,Open Food Facts additives taxonomy (ODbL)
INS:307,307,E307,Alpha-tocopherol,,ADDITIVE,,,,yes,yes,https://www.wikidata.org/wiki/Q158348,http://dx.doi.org/10.2903/j.efsa.2015.4247,Open Food Facts additives taxonomy (ODbL)
INS:307a,307a,E307a,D-Alpha-tocopherol,,ADDITIVE,antioxidant,Antioxidant,"Antioxidants are substances which prolong the shelf-life of foods by protecting them against deterioration caused by oxidation, such as fat rancidity and colour changes.",yes,yes,https://www.wikidata.org/wiki/Q158348,http://dx.doi.org/10.2903/j.efsa.2015.4247,Open Food Facts additives taxonomy (ODbL)
INS:307b,307b,E307b,concentrated tocopherol,,ADDITIVE,antioxidant,Antioxidant,"Antioxidants are substances which prolong the shelf-life of foods by protecting them against deterioration caused by oxidation, such as fat rancidity and colour changes.",yes,yes,https://www.wikidata.org/wiki/Q158348,http://dx.doi.org/10.2903/j.efsa.2015.4247,Open Food Facts additives taxonomy (ODbL)
INS:307c,307c,E307c,DL-Alpha-tocopherol,,ADDITIVE,antioxidant,Antioxidant,"Antioxidants are substances which prolong the shelf-life of foods by protecting them against deterioration caused by oxidation, such as fat rancidity and colour changes.",yes,yes,https://www.wikidata.org/wiki/Q158348,http://dx.doi.org/10.2903/j.efsa.2015.4247,Open Food Facts additives taxonomy (ODbL)
INS:308,308,E308,Gamme-tocopherol,gamma-Tocopherol,ADDITIVE,,,,yes,yes,https://www.wikidata.org/wiki/Q155753,http://dx.doi.org/10.2903/j.efsa.2015.4247,Open Food Facts additives taxonomy (ODbL)
INS:309,309,E309,Delta-tocopherol,δ-tocopherol,ADDITIVE,,,,yes,yes,https://www.wikidata.org/wiki/Q155751,http://dx.doi.org/10.2903/j.efsa.2015.4247,Open Food Facts additives taxonomy (ODbL)
INS:310,310,E310,Propyl gallate,Propyl gallate|Propyl ester of gallic acid,ADDITIVE,antioxidant,Antioxidant,"Antioxidants are substances which prolong the shelf-life of foods by protecting them against deterioration caused by oxidation, such as fat rancidity and colour changes.",yes,yes,https://www.wikidata.org/wiki/Q608726,http://dx.doi.org/10.2903/j.efsa.2014.3642,Open Food Facts additives taxonomy (ODbL)
INS:311,311,E311,Octyl gallate,Octyl gallate|Octyl ester of gallic acid,ADDITIVE,,,,yes,yes,https://www.wikidata.org/wiki/Q2317929,http://dx.doi.org/10.2903/j.efsa.2015.4248,Open Food Facts additives taxonomy (ODbL)
INS:312,312,E312,Dodecyl gallate,,ADDITIVE,,,,maybe,maybe,https://www.wikidata.org/wiki/Q418209,http://dx.doi.org/10.2903/j.efsa.2015.4086,Open Food Facts additives taxonomy (ODbL)
INS:313,313,E313,Ethyl gallate,,ADDITIVE,,,,yes,yes,,,Open Food Facts additives taxonomy (ODbL)
INS:314,314,E314,Guaiacum,,ADDITIVE,antioxidant,Antioxidant,"Antioxidants are substances which prolong the shelf-life of foods by protecting them against deterioration caused by oxidation, such as fat rancidity and colour changes.",yes,yes,,,Open Food Facts additives taxonomy (ODbL)
INS:315,315,E315,Erythorbic acid,Isoascorbic acid,ADDITIVE,antioxidant,Antioxidant,"Antioxidants are substances which prolong the shelf-life of foods by protecting them against deterioration caused by oxidation, such as fat rancidity and colour changes.",yes,yes,https://www.wikidata.org/wiki/Q424531,https://efsa.onlinelibrary.wiley.com/doi/epdf/10.2903/j.efsa.2016.4360,Open Food Facts additives taxonomy (ODbL)
INS:316,316,E316,sodium erythorbate,,ADDITIVE,antioxidant,Antioxidant,"Antioxidants are substances which prolong the shelf-life of foods by protecting them against deterioration caused by oxidation, such as fat rancidity and colour changes.",yes,yes,https://www.wikidata.org/wiki/Q417003,https://efsa.onlinelibrary.wiley.com/doi/epdf/10.2903/j.efsa.2016.4360,Open Food Facts additives taxonomy (ODbL)
INS:317,317,E317,Erythorbin acid,,ADDITIVE,,,,yes,yes,,,Open Food Facts additives taxonomy (ODbL)
INS:318,318,E318,Calcium erythorbin,,ADDITIVE,,,,yes,yes,https://www.wikidata.org/wiki/Q13081784,,Open Food Facts additives taxonomy (ODbL)
INS:319,319,E319,Tertiary-butylhydroquinone (tbhq),"Tert-butyl-1,4-benzenediol|Butylhydroxinon|TBHQ|Tert-Butylhydroquinone|tertiary butylhydroquinone",ADDITIVE,antioxidant,Antioxidant,"Antioxidants are substances which prolong the shelf-life of foods by protecting them against deterioration caused by oxidation, such as fat rancidity and colour changes.",yes,yes,https://www.wikidata.org/wiki/Q662443,http://dx.doi.org/10.2903/j.efsa.2016.4363,Open Food Facts additives taxonomy (ODbL)
INS:320,320,E320,Butylated hydroxyanisole (bha),Butylated hydroxyanisole|BHA,ADDITIVE,antioxidant,Antioxidant,"Antioxidants are substances which prolong the shelf-life of foods by protecting them against deterioration caused by oxidation, such as fat rancidity and colour changes.",yes,yes,https://www.wikidata.org/wiki/Q409401,http://dx.doi.org/10.2903/j.efsa.2012.2759,Open Food Facts additives taxonomy (ODbL)
INS:321,321,E321,Butylated hydroxytoluene,"BHT|2,6-Ditertiary-butyl-p-cresol|Butylated hydroxytoluene|bht added to preserve freshness",ADDITIVE,antioxidant,Antioxidant,"Antioxidants are substances which prolong the shelf-life of foods by protecting them against deterioration caused by oxidation, such as fat rancidity and colour changes.",yes,yes,https://www.wikidata.org/wiki/Q221945,http://dx.doi.org/10.2903/j.efsa.2012.2588,Open Food Facts additives taxonomy (ODbL)
INS:322,322,E322,Lecithins,Phosphatides,ADDITIVE,antioxidant|emulsifier,"Antioxidant, Emulsifier","Antioxidants are substances which prolong the shelf-life of foods by protecting them against deterioration caused by oxidation, such as fat rancidity and colour changes.",maybe,maybe,https://www.wikidata.org/wiki/Q241595,,Open Food Facts additives taxonomy (ODbL)
INS:322a,322a,E322a,Oat lecithin,,ADDITIVE,antioxidant|emulsifier,"Antioxidant, Emulsifier","Antioxidants are substances which prolong the shelf-life of foods by protecting them against deterioration caused by oxidation, such as fat rancidity and colour changes.",yes,yes,,,Open Food Facts additives taxonomy (ODbL)
INS:322i,322i,E322i,Lecithin,,ADDITIVE,antioxidant|emulsifier,"Antioxidant, Emulsifier","Antioxidants are substances which prolong the shelf-life of foods by protecting them against deterioration caused by oxidation, such as fat rancidity and colour changes.",maybe,maybe,https://www.wikidata.org/wiki/Q241595,,Open Food Facts additives taxonomy (ODbL)
INS:322ii,322ii,E322ii,Partially hydrolyzed lecithin,,ADDITIVE,antioxidant|emulsifier,"Antioxidant, Emulsifier","Antioxidants are substances which prolong the shelf-life of foods by protecting them against deterioration caused by oxidation, such as fat rancidity and colour changes.",maybe,maybe,https://www.wikidata.org/wiki/Q241595,,Open Food Facts additives taxonomy (ODbL)
INS:322iii,322iii,E322iii,"Lecithin, hydroxylated",,ADDITIVE,antioxidant|emulsifier,"Antioxidant, Emulsifier","Antioxidants are substances which prolong the shelf-life of foods by protecting them against deterioration caused by oxidation, such as fat rancidity and colour changes.",,,,,Open Food Facts additives taxonomy (ODbL)
INS:323,323,E323,Anoxomer,,ADDITIVE,,,,yes,yes,,,Open Food Facts additives taxonomy (ODbL)
INS:324,324,E324,Ethoxyquin,,ADDITIVE,,,,yes,yes,https://www.wikidata.org/wiki/Q1657816,,Open Food Facts additives taxonomy (ODbL)
INS:325,325,E325,sodium lactate,,ADDITIVE,antioxidant|emulsifier|humectant|thickener,"Antioxidant, Emulsifier, Humectant, Thickener","Antioxidants are substances which prolong the shelf-life of foods by protecting them against deterioration caused by oxidation, such as fat rancidity and colour changes.",yes,yes,https://www.wikidata.org/wiki/Q418235,,Open Food Facts additives taxonomy (ODbL)
INS:326,326,E326,potassium lactate,,ADDITIVE,antioxidant|emulsifier|humectant,"Antioxidant, Emulsifier, Humectant","Antioxidants are substances which prolong the shelf-life of foods by protecting them against deterioration caused by oxidation, such as fat rancidity and colour changes.",yes,yes,https://www.wikidata.org/wiki/Q411342,,Open Food Facts additives taxonomy (ODbL)
INS:327,327,E327,calcium lactate,,ADDITIVE,thickener,Thickener,Thickeners are substances which increase the viscosity of a foodstuff.,yes,yes,https://www.wikidata.org/wiki/Q419693,,Open Food Facts additives taxonomy (ODbL)
INS:328,328,E328,ammonium lactate,,ADDITIVE,,,,yes,yes,https://www.wikidata.org/wiki/Q663358,,Open Food Facts additives taxonomy (ODbL)
INS:329,329,E329,Magnesium lactate,,ADDITIVE,,,,yes,yes,https://www.wikidata.org/wiki/Q594836,,Open Food Facts additives taxonomy (ODbL)
INS:330,330,E330,Citric acid,,ADDITIVE,antioxidant|sequestrant,"Antioxidant, Sequestrant","Antioxidants are substances which prolong the shelf-life of foods by protecting them against deterioration caused by oxidation, such as fat rancidity and colour changes.",yes,yes,https://www.wikidata.org/wiki/Q159683,http://dx.doi.org/10.2903/j.efsa.2013.3152,Open Food Facts additives taxonomy (ODbL)
INS:331,331,E331,Sodium citrates,,ADDITIVE,emulsifier|sequestrant|stabiliser,"Emulsifier, Sequestrant, Stabiliser",Emulsifiers are substances which make it possible to form or maintain a homogenous mixture of two or more immiscible phases such as oil and water in a foodstuff.,yes,yes,https://www.wikidata.org/wiki/Q6460572,,Open Food Facts additives taxonomy (ODbL)
INS:331i,331i,E331i,Monosodium citrate,,ADDITIVE,emulsifier|sequestrant|stabiliser,"Emulsifier, Sequestrant, Stabiliser",Emulsifiers are substances which make it possible to form or maintain a homogenous mixture of two or more immiscible phases such as oil and water in a foodstuff.,,,https://www.wikidata.org/wiki/Q4179018,,Open Food Facts additives taxonomy (ODbL)
INS:331ii,331ii,E331ii,Disodium citrate,,ADDITIVE,emulsifier|sequestrant|stabiliser,"Emulsifier, Sequestrant, Stabiliser",Emulsifiers are substances which make it possible to form or maintain a homogenous mixture of two or more immiscible phases such as oil and water in a foodstuff.,,,https://www.wikidata.org/wiki/Q4177124,,Open Food Facts additives taxonomy (ODbL)
INS:331iii,331iii,E331iii,Trisodium citrate,tri sodium citrate|tri-sodium citrate,ADDITIVE,emulsifier|sequestrant|stabiliser,"Emulsifier, Sequestrant, Stabiliser",Emulsifiers are substances which make it possible to form or maintain a homogenous mixture of two or more immiscible phases such as oil and water in a foodstuff.,,,,,Open Food Facts additives taxonomy (ODbL)
INS:332,332,E332,Potassium citrates,,ADDITIVE,sequestrant|stabiliser,"Sequestrant, Stabiliser",Sequestrants are substances which form chemical complexes with metallic ions.,yes,yes,https://www.wikidata.org/wiki/Q419921,,Open Food Facts additives taxonomy (ODbL)
INS:332i,332i,E332i,Monopotassium citrate,,ADDITIVE,sequestrant|stabiliser,"Sequestrant, Stabiliser",Sequestrants are substances which form chemical complexes with metallic ions.,,,,,Open Food Facts additives taxonomy (ODbL)
INS:332ii,332ii,E332ii,Tripotassium citrate,tri-potassium citrate|tri potassium citrate|potassium citrate,ADDITIVE,sequestrant|stabiliser,"Sequestrant, Stabiliser",Sequestrants are substances which form chemical complexes with metallic ions.,,,https://www.wikidata.org/wiki/Q419921,,Open Food Facts additives taxonomy (ODbL)
INS:333,333,E333,Calcium citrates,Calcium citrate|Calcium salts of citric acid,ADDITIVE,sequestrant|stabiliser,"Sequestrant, Stabiliser",Sequestrants are substances which form chemical complexes with metallic ions.,yes,yes,https://www.wikidata.org/wiki/Q420280,,Open Food Facts additives taxonomy (ODbL)
INS:333i,333i,E333i,Monocalcium citrate,,ADDITIVE,sequestrant|stabiliser,"Sequestrant, Stabiliser",Sequestrants are substances which form chemical complexes with metallic ions.,,,https://www.wikidata.org/wiki/Q420280,,Open Food Facts additives taxonomy (ODbL)
INS:333ii,333ii,E333ii,Dicalcium citrate,,ADDITIVE,sequestrant|stabiliser,"Sequestrant, Stabiliser",Sequestrants are substances which form chemical complexes with metallic ions.,,,https://www.wikidata.org/wiki/Q420280,,Open Food Facts additives taxonomy (ODbL)
INS:333iii,333iii,E333iii,Tricalcium citrate,tri-calciumcitrate,ADDITIVE,sequestrant|stabiliser,"Sequestrant, Stabiliser",Sequestrants are substances which form chemical complexes with metallic ions.,,,https://www.wikidata.org/wiki/Q420280,,Open Food Facts additives taxonomy (ODbL)
INS:334,334,E334,L(+)-tartaric acid,"tartaric acid|2,3-dihydroxybutanedioic acid|2,3-dihydroxysuccinic acid|threaric acid|racemic acid|uvic acid|paratartaric acid",ADDITIVE,antioxidant|sequestrant,"Antioxidant, Sequestrant","Antioxidants are substances which prolong the shelf-life of foods by protecting them against deterioration caused by oxidation, such as fat rancidity and colour changes.",yes,yes,https://www.wikidata.org/wiki/Q194322,,Open Food Facts additives taxonomy (ODbL)
INS:335,335,E335,Sodium tartrates,,ADDITIVE,sequestrant|stabiliser,"Sequestrant, Stabiliser",Sequestrants are substances which form chemical complexes with metallic ions.,yes,yes,https://www.wikidata.org/wiki/Q58641683,,Open Food Facts additives taxonomy (ODbL)
INS:335i,335i,E335i,Monosodium tartrate,,ADDITIVE,sequestrant|stabiliser,"Sequestrant, Stabiliser",Sequestrants are substances which form chemical complexes with metallic ions.,,,https://www.wikidata.org/wiki/Q836451,,Open Food Facts additives taxonomy (ODbL)
INS:335ii,335ii,E335ii,Disodium tartrate,,ADDITIVE,sequestrant|stabiliser,"Sequestrant, Stabiliser",Sequestrants are substances which form chemical complexes with metallic ions.,,,https://www.wikidata.org/wiki/Q17997701,,Open Food Facts additives taxonomy (ODbL)
INS:336,336,E336,Potassium tartrates,,ADDITIVE,,,,yes,yes,https://www.wikidata.org/wiki/Q65770886,,Open Food Facts additives taxonomy (ODbL)
INS:336i,336i,E336i,Monopotassium tartrate,monopotassic tartrate|Potassium bitartrate|potassium hydrogen tartrate|cream of tartar,ADDITIVE,,,,,,https://www.wikidata.org/wiki/Q18745,,Open Food Facts additives taxonomy (ODbL)
INS:336ii,336ii,E336ii,Dipotassium tartrate,dipotassic tartrate|Potassium tartrate,ADDITIVE,,,,,,https://www.wikidata.org/wiki/Q418064,,Open Food Facts additives taxonomy (ODbL)
INS:337,337,E337,Potassium sodium tartrate,,ADDITIVE,sequestrant|stabiliser,"Sequestrant, Stabiliser",Sequestrants are substances which form chemical complexes with metallic ions.,yes,yes,https://www.wikidata.org/wiki/Q303489,,Open Food Facts additives taxonomy (ODbL)
INS:338,338,E338,Phosphoric acid,Orthophosphoric acid|phosphoric(V) acid,ADDITIVE,antioxidant|sequestrant,"Antioxidant, Sequestrant","Antioxidants are substances which prolong the shelf-life of foods by protecting them against deterioration caused by oxidation, such as fat rancidity and colour changes.",yes,yes,https://www.wikidata.org/wiki/Q184782,https://efsa.onlinelibrary.wiley.com/doi/10.2903/j.efsa.2019.5674,Open Food Facts additives taxonomy (ODbL)
INS:339,339,E339,Sodium phosphates,sodium phosphate,ADDITIVE,emulsifier|humectant|preservative|sequestrant|stabiliser|thickener,"Emulsifier, Humectant, Preservative, Sequestrant, Stabiliser, Thickener",Emulsifiers are substances which make it possible to form or maintain a homogenous mixture of two or more immiscible phases such as oil and water in a foodstuff.,yes,yes,https://www.wikidata.org/wiki/Q3249706,https://efsa.onlinelibrary.wiley.com/doi/10.2903/j.efsa.2019.5674,Open Food Facts additives taxonomy (ODbL)
INS:339i,339i,E339i,Monosodium phosphate,Monosodium monophosphate|Acid monosodium monophosphate|Monosodium orthophosphate|Monobasic sodium phosphate,ADDITIVE,emulsifier|humectant|preservative|sequestrant|stabiliser|thickener,"Emulsifier, Humectant, Preservative, Sequestrant, Stabiliser, Thickener",Emulsifiers are substances which make it possible to form or maintain a homogenous mixture of two or more immiscible phases such as oil and water in a foodstuff.,,,https://www.wikidata.org/wiki/Q415877,,Open Food Facts additives taxonomy (ODbL)
INS:339ii,339ii,E339ii,Disodium phosphate,Disodium monophosphate|Secondary sodium phosphate,ADDITIVE,emulsifier|humectant|preservative|sequestrant|stabiliser|thickener,"Emulsifier, Humectant, Preservative, Sequestrant, Stabiliser, Thickener",Emulsifiers are substances which make it possible to form or maintain a homogenous mixture of two or more immiscible phases such as oil and water in a foodstuff.,,,https://www.wikidata.org/wiki/Q418448,,Open Food Facts additives taxonomy (ODbL)
INS:339iii,339iii,E339iii,Trisodium phosphate,Tribasic sodium phosphate,ADDITIVE,emulsifier|humectant|preservative|sequestrant|stabiliser|thickener,"Emulsifier, Humectant, Preservative, Sequestrant, Stabiliser, Thickener",Emulsifiers are substances which make it possible to form or maintain a homogenous mixture of two or more immiscible phases such as oil and water in a foodstuff.,,,https://www.wikidata.org/wiki/Q3249706,,Open Food Facts additives taxonomy (ODbL)
INS:340,340,E340,Potassium phosphates,potassium phosphate|E-340,ADDITIVE,emulsifier|humectant|sequestrant|stabiliser|thickener,"Emulsifier, Humectant, Sequestrant, Stabiliser, Thickener",Emulsifiers are substances which make it possible to form or maintain a homogenous mixture of two or more immiscible phases such as oil and water in a foodstuff.,yes,yes,https://www.wikidata.org/wiki/Q3381491,https://efsa.onlinelibrary.wiley.com/doi/10.2903/j.efsa.2019.5674,Open Food Facts additives taxonomy (ODbL)
INS:340i,340i,E340i,Monopotassium phosphate,Monobasic potassium phosphate|Monopotassium monophosphate|E-340i|E340 i,ADDITIVE,emulsifier|humectant|sequestrant|stabiliser|thickener,"Emulsifier, Humectant, Sequestrant, Stabiliser, Thickener",Emulsifiers are substances which make it possible to form or maintain a homogenous mixture of two or more immiscible phases such as oil and water in a foodstuff.,,,https://www.wikidata.org/wiki/Q415049,,Open Food Facts additives taxonomy (ODbL)
INS:340ii,340ii,E340ii,Dipotassium phosphate,Dipotassium monophosphate|Secondary potassium phosphate|Dipotassium orthophosphate|E340ii|E 340ii|E-340ii|E340 ii,ADDITIVE,emulsifier|humectant|sequestrant|stabiliser|thickener,"Emulsifier, Humectant, Sequestrant, Stabiliser, Thickener",Emulsifiers are substances which make it possible to form or maintain a homogenous mixture of two or more immiscible phases such as oil and water in a foodstuff.,,,https://www.wikidata.org/wiki/Q403721,,Open Food Facts additives taxonomy (ODbL)
INS:340iii,340iii,E340iii,Tripotassium phosphate,tripotassium phosphate|E340iii|E 340iii|E340 iii|E-340iii|Tribasic potassium phosphate,ADDITIVE,emulsifier|humectant|sequestrant|stabiliser|thickener,"Emulsifier, Humectant, Sequestrant, Stabiliser, Thickener",Emulsifiers are substances which make it possible to form or maintain a homogenous mixture of two or more immiscible phases such as oil and water in a foodstuff.,,,https://www.wikidata.org/wiki/Q423852,,Open Food Facts additives taxonomy (ODbL)
INS:341,341,E341,Calcium phosphates,calcium phosphate|calcium phosphates|E-341,ADDITIVE,emulsifier|humectant|sequestrant|stabiliser|thickener,"Emulsifier, Humectant, Sequestrant, Stabiliser, Thickener",Emulsifiers are substances which make it possible to form or maintain a homogenous mixture of two or more immiscible phases such as oil and water in a foodstuff.,yes,yes,https://www.wikidata.org/wiki/Q426664,https://efsa.onlinelibrary.wiley.com/doi/10.2903/j.efsa.2019.5674,Open Food Facts additives taxonomy (ODbL)
INS:341i,341i,E341i,Monocalcium phosphate,Monobasic calcium phosphate|mono-calcium phosphate|monocalcium phosphate|E-341i|E341 i,ADDITIVE,emulsifier|humectant|sequestrant|stabiliser|thickener,"Emulsifier, Humectant, Sequestrant, Stabiliser, Thickener",Emulsifiers are substances which make it possible to form or maintain a homogenous mixture of two or more immiscible phases such as oil and water in a foodstuff.,,,https://www.wikidata.org/wiki/Q414673,,Open Food Facts additives taxonomy (ODbL)
INS:341ii,341ii,E341ii,Dicalcium phosphate,Dibasic calcium phosphate|di-calcium phosphate|dicalcium phosphate|E341ii|E 341ii|E-341ii|E341 ii,ADDITIVE,emulsifier|humectant|sequestrant|stabiliser|thickener,"Emulsifier, Humectant, Sequestrant, Stabiliser, Thickener",Emulsifiers are substances which make it possible to form or maintain a homogenous mixture of two or more immiscible phases such as oil and water in a foodstuff.,,,https://www.wikidata.org/wiki/Q414619,,Open Food Facts additives taxonomy (ODbL)
INS:341iii,341iii,E341iii,Tricalcium phosphate,Tricalciumphosphate|tri-calcium phosphate|tricalcium phosphate|E341iii|E 341iii|E-341iii|E341 iii,ADDITIVE,emulsifier|humectant|sequestrant|stabiliser|thickener,"Emulsifier, Humectant, Sequestrant, Stabiliser, Thickener",Emulsifiers are substances which make it possible to form or maintain a homogenous mixture of two or more immiscible phases such as oil and water in a foodstuff.,,,https://www.wikidata.org/wiki/Q278387,,Open Food Facts additives taxonomy (ODbL)
INS:342,342,E342,Ammonium phosphate,monoammonium phosphate|diammonium phosphate,ADDITIVE,stabiliser|thickener,"Stabiliser, Thickener","Stabilisers are substances which make it possible to maintain the physico-chemical state of a foodstuff; stabilisers include substances which enable the maintenance of a homogenous dispersion of two or more immiscible substances in a foodstuff, substances which stabilise, retain or intensify an existing colour of a foodstuff and substances which increase the binding capacity of the food, including the formation of cross-links between proteins enabling the binding of food pieces into re-constituted food.",yes,yes,https://www.wikidata.org/wiki/Q18967184,,Open Food Facts additives taxonomy (ODbL)
INS:342i,342i,E342i,Ammonium dihydrogen phosphate,,ADDITIVE,stabiliser|thickener,"Stabiliser, Thickener","Stabilisers are substances which make it possible to maintain the physico-chemical state of a foodstuff; stabilisers include substances which enable the maintenance of a homogenous dispersion of two or more immiscible substances in a foodstuff, substances which stabilise, retain or intensify an existing colour of a foodstuff and substances which increase the binding capacity of the food, including the formation of cross-links between proteins enabling the binding of food pieces into re-constituted food.",,,,,Open Food Facts additives taxonomy (ODbL)
INS:342ii,342ii,E342ii,Diammonium hydrogen phosphate,,ADDITIVE,stabiliser|thickener,"Stabiliser, Thickener","Stabilisers are substances which make it possible to maintain the physico-chemical state of a foodstuff; stabilisers include substances which enable the maintenance of a homogenous dispersion of two or more immiscible substances in a foodstuff, substances which stabilise, retain or intensify an existing colour of a foodstuff and substances which increase the binding capacity of the food, including the formation of cross-links between proteins enabling the binding of food pieces into re-constituted food.",,,,,Open Food Facts additives taxonomy (ODbL)
INS:343,343,E343,Magnesium phosphates,magnesium phosphates|E-343,ADDITIVE,stabiliser|thickener,"Stabiliser, Thickener","Stabilisers are substances which make it possible to maintain the physico-chemical state of a foodstuff; stabilisers include substances which enable the maintenance of a homogenous dispersion of two or more immiscible substances in a foodstuff, substances which stabilise, retain or intensify an existing colour of a foodstuff and substances which increase the binding capacity of the food, including the formation of cross-links between proteins enabling the binding of food pieces into re-constituted food.",yes,yes,https://www.wikidata.org/wiki/Q6731399,https://efsa.onlinelibrary.wiley.com/doi/10.2903/j.efsa.2019.5674,Open Food Facts additives taxonomy (ODbL)
INS:343i,343i,E343i,Monomagnesium phosphate,Magnesiumdihydrogenphosphate|Magnesiumphosphate|monobasic|magnesium phosphate,ADDITIVE,stabiliser|thickener,"Stabiliser, Thickener","Stabilisers are substances which make it possible to maintain the physico-chemical state of a foodstuff; stabilisers include substances which enable the maintenance of a homogenous dispersion of two or more immiscible substances in a foodstuff, substances which stabilise, retain or intensify an existing colour of a foodstuff and substances which increase the binding capacity of the food, including the formation of cross-links between proteins enabling the binding of food pieces into re-constituted food.",,,https://www.wikidata.org/wiki/Q4161317,,Open Food Facts additives taxonomy (ODbL)
INS:343ii,343ii,E343ii,Dimagnesium phosphate,Magnesiumhydrogenphosphate|Magnesiumphosphate - dibasic|Dimagnesium orthophosphate|magnesium hydrogen phosphate|dimagnesium phosphate|E343ii|E 343ii|E-343ii|E343 ii,ADDITIVE,stabiliser|thickener,"Stabiliser, Thickener","Stabilisers are substances which make it possible to maintain the physico-chemical state of a foodstuff; stabilisers include substances which enable the maintenance of a homogenous dispersion of two or more immiscible substances in a foodstuff, substances which stabilise, retain or intensify an existing colour of a foodstuff and substances which increase the binding capacity of the food, including the formation of cross-links between proteins enabling the binding of food pieces into re-constituted food.",,,https://www.wikidata.org/wiki/Q14325507,,Open Food Facts additives taxonomy (ODbL)
INS:343iii,343iii,E343iii,Trimagnesium phosphate,,ADDITIVE,stabiliser|thickener,"Stabiliser, Thickener","Stabilisers are substances which make it possible to maintain the physico-chemical state of a foodstuff; stabilisers include substances which enable the maintenance of a homogenous dispersion of two or more immiscible substances in a foodstuff, substances which stabilise, retain or intensify an existing colour of a foodstuff and substances which increase the binding capacity of the food, including the formation of cross-links between proteins enabling the binding of food pieces into re-constituted food.",,,,,Open Food Facts additives taxonomy (ODbL)
INS:344,344,E344,Lecithin citrate,,ADDITIVE,,,,yes,yes,https://www.wikidata.org/wiki/Q13081794,,Open Food Facts additives taxonomy (ODbL)
INS:345,345,E345,Magnesium citrate,,ADDITIVE,,,,yes,yes,https://www.wikidata.org/wiki/Q45044,,Open Food Facts additives taxonomy (ODbL)
INS:349,349,E349,ammonium malate,,ADDITIVE,,,,yes,yes,https://www.wikidata.org/wiki/Q4747303,,Open Food Facts additives taxonomy (ODbL)
INS:350,350,E350,Sodium malates,,ADDITIVE,humectant,Humectant,"Humectants are substances which prevent foods from drying out by counteracting the effect of an atmosphere having a low degree of humidity, or promote the dissolution of a powder in an aqueous medium.",yes,yes,https://www.wikidata.org/wiki/Q836788,,Open Food Facts additives taxonomy (ODbL)
INS:350i,350i,E350i,Sodium malate,,ADDITIVE,humectant,Humectant,"Humectants are substances which prevent foods from drying out by counteracting the effect of an atmosphere having a low degree of humidity, or promote the dissolution of a powder in an aqueous medium.",,,https://www.wikidata.org/wiki/Q836788,,Open Food Facts additives taxonomy (ODbL)
INS:350ii,350ii,E350ii,Sodium hydrogen malate,,ADDITIVE,humectant,Humectant,"Humectants are substances which prevent foods from drying out by counteracting the effect of an atmosphere having a low degree of humidity, or promote the dissolution of a powder in an aqueous medium.",,,https://www.wikidata.org/wiki/Q42807545,,Open Food Facts additives taxonomy (ODbL)
INS:351,351,E351,Potassium malate,,ADDITIVE,,,,yes,yes,https://www.wikidata.org/wiki/Q408755,,Open Food Facts additives taxonomy (ODbL)
INS:351i,351i,E351i,Potassium hydrogen malate,,ADDITIVE,,,,,,,,Open Food Facts additives taxonomy (ODbL)
INS:351ii,351ii,E351ii,,,ADDITIVE,,,,,,,,Open Food Facts additives taxonomy (ODbL)
INS:352,352,E352,Calcium malates,,ADDITIVE,,,,yes,yes,https://www.wikidata.org/wiki/Q1356722,,Open Food Facts additives taxonomy (ODbL)
INS:352i,352i,E352i,Calcium malate,,ADDITIVE,,,,,,https://www.wikidata.org/wiki/Q1356722,,Open Food Facts additives taxonomy (ODbL)
INS:352ii,352ii,E352ii,Calcium hydrogen malate,,ADDITIVE,,,,,,https://www.wikidata.org/wiki/Q1356722,,Open Food Facts additives taxonomy (ODbL)
INS:353,353,E353,Metatartaric acid,,ADDITIVE,,,,yes,yes,https://www.wikidata.org/wiki/Q17997708,,Open Food Facts additives taxonomy (ODbL)
INS:354,354,E354,Calcium tartrate,,ADDITIVE,,,,yes,yes,https://www.wikidata.org/wiki/Q416767,,Open Food Facts additives taxonomy (ODbL)
INS:355,355,E355,Adipic acid,Hexanedioic acid,ADDITIVE,,,,yes,yes,https://www.wikidata.org/wiki/Q357415,,Open Food Facts additives taxonomy (ODbL)
INS:356,356,E356,Sodium adipate,,ADDITIVE,,,,yes,yes,https://www.wikidata.org/wiki/Q423296,,Open Food Facts additives taxonomy (ODbL)
INS:357,357,E357,Potassium adipate,,ADDITIVE,,,,yes,yes,https://www.wikidata.org/wiki/Q931445,,Open Food Facts additives taxonomy (ODbL)
INS:359,359,E359,ammonium adipate,,ADDITIVE,,,,yes,yes,https://www.wikidata.org/wiki/Q4747299,,Open Food Facts additives taxonomy (ODbL)
INS:363,363,E363,Succinic acid,Asuccin|Amber acid|1/2-Ethanedicarboxylic acid|Butanedioic acid|Bernsteinsaeure|Ethylenesuccinic acid|Spirit of amber|Butanedionic acid|Bernsteinsaure|Succinate|Butandisaeure|Dihydrofumaric acid|Acidum succinicum|Acide butanedioique|Acide succinique,ADDITIVE,,,,yes,yes,https://www.wikidata.org/wiki/Q213050,,Open Food Facts additives taxonomy (ODbL)
INS:364,364,E364,Sodium succinates,,ADDITIVE,,,,yes,yes,,,Open Food Facts additives taxonomy (ODbL)
INS:364i,364i,E364i,Monosodium succinate,,ADDITIVE,,,,,,,,Open Food Facts additives taxonomy (ODbL)
INS:364ii,364ii,E364ii,Disodium succinate,,ADDITIVE,,,,,,,,Open Food Facts additives taxonomy (ODbL)
INS:365,365,E365,Sodium fumarate,,ADDITIVE,,,,yes,yes,,,Open Food Facts additives taxonomy (ODbL)
INS:366,366,E366,Potassium fumarate,,ADDITIVE,,,,yes,yes,https://www.wikidata.org/wiki/Q723321,,Open Food Facts additives taxonomy (ODbL)
INS:367,367,E367,Calcium fumarate,,ADDITIVE,,,,yes,yes,https://www.wikidata.org/wiki/Q836445,,Open Food Facts additives taxonomy (ODbL)
INS:368,368,E368,ammonium fumarate,,ADDITIVE,,,,yes,yes,https://www.wikidata.org/wiki/Q2882202,,Open Food Facts additives taxonomy (ODbL)
INS:369,369,E369,Alanin,,ADDITIVE,,,,yes,yes,,,Open Food Facts additives taxonomy (ODbL)
INS:370,370,E370,"1,4-Heptonolactone",,ADDITIVE,,,,yes,yes,,,Open Food Facts additives taxonomy (ODbL)
INS:375,375,E375,Nicotinic acid,Niacin|Nicotinamide|3a314,ADDITIVE,,,,maybe,maybe,,,Open Food Facts additives taxonomy (ODbL)
INS:380,380,E380,Triammonium citrate,,ADDITIVE,,,,yes,yes,https://www.wikidata.org/wiki/Q13081798,,Open Food Facts additives taxonomy (ODbL)
INS:381,381,E381,ferric ammonium citrate,ammonium ferric citrate,ADDITIVE,,,,yes,yes,https://www.wikidata.org/wiki/Q473522,,Open Food Facts additives taxonomy (ODbL)
INS:383,383,E383,calcium glycerophosphate,,ADDITIVE,,,,yes,yes,https://www.wikidata.org/wiki/Q4119838,,Open Food Facts additives taxonomy (ODbL)
INS:384,384,E384,Isopropyl citrates,,ADDITIVE,antioxidant|preservative|sequestrant,"Antioxidant, Preservative, Sequestrant","Antioxidants are substances which prolong the shelf-life of foods by protecting them against deterioration caused by oxidation, such as fat rancidity and colour changes.",yes,yes,,,Open Food Facts additives taxonomy (ODbL)
INS:385,385,E385,Calcium disodium ethylenediaminetetraacetate,Calcium disodium EDTA|Calcium disodium ethylene diamine tetra-acetate|calcium disodium EDTA|calcium-dinatrium-EDTA|Calcium disodium ethylenediaminetetraacetate|E-385,ADDITIVE,antioxidant|preservative|sequestrant,"Antioxidant, Preservative, Sequestrant","Antioxidants are substances which prolong the shelf-life of foods by protecting them against deterioration caused by oxidation, such as fat rancidity and colour changes.",yes,yes,https://www.wikidata.org/wiki/Q9189390,,Open Food Facts additives taxonomy (ODbL)
INS:386,386,E386,,,ADDITIVE,antioxidant|preservative|sequestrant|stabiliser,"Antioxidant, Preservative, Sequestrant, Stabiliser","Antioxidants are substances which prolong the shelf-life of foods by protecting them against deterioration caused by oxidation, such as fat rancidity and colour changes.",yes,yes,https://www.wikidata.org/wiki/Q13081804,,Open Food Facts additives taxonomy (ODbL)
INS:387,387,E387,,,ADDITIVE,,,,maybe,maybe,https://www.wikidata.org/wiki/Q13081802,,Open Food Facts additives taxonomy (ODbL)
INS:388,388,E388,Thiodipropionic acid,,ADDITIVE,antioxidant,Antioxidant,"Antioxidants are substances which prolong the shelf-life of foods by protecting them against deterioration caused by oxidation, such as fat rancidity and colour changes.",yes,yes,https://www.wikidata.org/wiki/Q2823309,,Open Food Facts additives taxonomy (ODbL)
INS:389,389,E389,,,ADDITIVE,antioxidant,Antioxidant,"Antioxidants are substances which prolong the shelf-life of foods by protecting them against deterioration caused by oxidation, such as fat rancidity and colour changes.",yes,yes,https://www.wikidata.org/wiki/Q17997723,,Open Food Facts additives taxonomy (ODbL)
INS:390,390,E390,,,ADDITIVE,,,,yes,yes,https://www.wikidata.org/wiki/Q13081806,,Open Food Facts additives taxonomy (ODbL)
INS:391,391,E391,Phytic acid,,ADDITIVE,,,,yes,yes,https://www.wikidata.org/wiki/Q409679,,Open Food Facts additives taxonomy (ODbL)
INS:392,392,E392,Extracts of rosemary,rosemary extract,ADDITIVE,,,,yes,yes,,http://dx.doi.org/10.2903/j.efsa.2015.4090,Open Food Facts additives taxonomy (ODbL)
INS:399,399,E399,Calcium lactobionate,,ADDITIVE,,,,yes,yes,https://www.wikidata.org/wiki/Q6138969,,Open Food Facts additives taxonomy (ODbL)
INS:400,400,E400,Alginic acid,,ADDITIVE,carrier|emulsifier|humectant|sequestrant|stabiliser|thickener,"Carrier, Emulsifier, Humectant, Sequestrant, Stabiliser, Thickener","A food additive used to dissolve, dilute, disperse or otherwise physically modify a food additive or nutrient without altering its function (and without exerting any technological effect itself) in order to facilitate its handling, application or use of the food additive or nutrient.",yes,yes,https://www.wikidata.org/wiki/Q422092,https://efsa.onlinelibrary.wiley.com/doi/10.2903/j.efsa.2017.5049,Open Food Facts additives taxonomy (ODbL)
INS:401,401,E401,sodium alginate,,ADDITIVE,carrier|emulsifier|humectant|sequestrant|stabiliser|thickener,"Carrier, Emulsifier, Humectant, Sequestrant, Stabiliser, Thickener","A food additive used to dissolve, dilute, disperse or otherwise physically modify a food additive or nutrient without altering its function (and without exerting any technological effect itself) in order to facilitate its handling, application or use of the food additive or nutrient.",yes,yes,https://www.wikidata.org/wiki/Q1187513,https://efsa.onlinelibrary.wiley.com/doi/10.2903/j.efsa.2017.5049,Open Food Facts additives taxonomy (ODbL)
INS:402,402,E402,Potassium alginate,,ADDITIVE,carrier|emulsifier|humectant|sequestrant|stabiliser|thickener,"Carrier, Emulsifier, Humectant, Sequestrant, Stabiliser, Thickener","A food additive used to dissolve, dilute, disperse or otherwise physically modify a food additive or nutrient without altering its function (and without exerting any technological effect itself) in order to facilitate its handling, application or use of the food additive or nutrient.",yes,yes,https://www.wikidata.org/wiki/Q16038950,https://efsa.onlinelibrary.wiley.com/doi/10.2903/j.efsa.2017.5049,Open Food Facts additives taxonomy (ODbL)
INS:403,403,E403,Ammonium alginate,,ADDITIVE,carrier|emulsifier|humectant|sequestrant|stabiliser|thickener,"Carrier, Emulsifier, Humectant, Sequestrant, Stabiliser, Thickener","A food additive used to dissolve, dilute, disperse or otherwise physically modify a food additive or nutrient without altering its function (and without exerting any technological effect itself) in order to facilitate its handling, application or use of the food additive or nutrient.",yes,yes,https://www.wikidata.org/wiki/Q16038948,https://efsa.onlinelibrary.wiley.com/doi/10.2903/j.efsa.2017.5049,Open Food Facts additives taxonomy (ODbL)
INS:404,404,E404,Calcium alginate,,ADDITIVE,carrier|humectant|sequestrant|stabiliser|thickener,"Carrier, Humectant, Sequestrant, Stabiliser, Thickener","A food additive used to dissolve, dilute, disperse or otherwise physically modify a food additive or nutrient without altering its function (and without exerting any technological effect itself) in order to facilitate its handling, application or use of the food additive or nutrient.",yes,yes,https://www.wikidata.org/wiki/Q2034064,https://efsa.onlinelibrary.wiley.com/doi/10.2903/j.efsa.2017.5049,Open Food Facts additives taxonomy (ODbL)
INS:405,405,E405,"Propane-1,2-diol alginate",Propylene glycol alginate,ADDITIVE,carrier|emulsifier|stabiliser|thickener,"Carrier, Emulsifier, Stabiliser, Thickener","A food additive used to dissolve, dilute, disperse or otherwise physically modify a food additive or nutrient without altering its function (and without exerting any technological effect itself) in order to facilitate its handling, application or use of the food additive or nutrient.",yes,yes,https://www.wikidata.org/wiki/Q2474785,,Open Food Facts additives taxonomy (ODbL)
INS:406,406,E406,Agar,Gelose|Kanten|Bengal|Ceylon|Chinese or Japanese isinglass|agar-agar|agar agar,ADDITIVE,carrier|emulsifier|humectant|stabiliser|thickener,"Carrier, Emulsifier, Humectant, Stabiliser, Thickener","A food additive used to dissolve, dilute, disperse or otherwise physically modify a food additive or nutrient without altering its function (and without exerting any technological effect itself) in order to facilitate its handling, application or use of the food additive or nutrient.",yes,yes,https://www.wikidata.org/wiki/Q177998,,Open Food Facts additives taxonomy (ODbL)
INS:407,407,E407,Carrageenan,e407 stabilizer,ADDITIVE,carrier|emulsifier|humectant|stabiliser|thickener,"Carrier, Emulsifier, Humectant, Stabiliser, Thickener","A food additive used to dissolve, dilute, disperse or otherwise physically modify a food additive or nutrient without altering its function (and without exerting any technological effect itself) in order to facilitate its handling, application or use of the food additive or nutrient.",yes,yes,https://www.wikidata.org/wiki/Q421991,https://efsa.onlinelibrary.wiley.com/doi/10.2903/j.efsa.2018.5238,Open Food Facts additives taxonomy (ODbL)
INS:407a,407a,E407a,Processed eucheuma seaweed,,ADDITIVE,carrier|emulsifier|humectant|stabiliser|thickener,"Carrier, Emulsifier, Humectant, Stabiliser, Thickener","A food additive used to dissolve, dilute, disperse or otherwise physically modify a food additive or nutrient without altering its function (and without exerting any technological effect itself) in order to facilitate its handling, application or use of the food additive or nutrient.",yes,yes,https://www.wikidata.org/wiki/Q421991,https://efsa.onlinelibrary.wiley.com/doi/10.2903/j.efsa.2018.5238,Open Food Facts additives taxonomy (ODbL)
INS:408,408,E408,Bakers yeast glycan,,ADDITIVE,,,,yes,yes,https://www.wikidata.org/wiki/Q18935685,,Open Food Facts additives taxonomy (ODbL)
INS:409,409,E409,Arabinogalactan,,ADDITIVE,,,,yes,yes,https://www.wikidata.org/wiki/Q4783458,,Open Food Facts additives taxonomy (ODbL)
INS:410,410,E410,Locust bean gum,Carob bean gum|Carob gum|garrofin gum|peruvian carob gum,ADDITIVE,emulsifier|stabiliser|thickener,"Emulsifier, Stabiliser, Thickener",Emulsifiers are substances which make it possible to form or maintain a homogenous mixture of two or more immiscible phases such as oil and water in a foodstuff.,yes,yes,https://www.wikidata.org/wiki/Q221391,https://efsa.onlinelibrary.wiley.com/doi/10.2903/j.efsa.2017.4646,Open Food Facts additives taxonomy (ODbL)
INS:411,411,E411,E411 food additive,,ADDITIVE,,,,yes,yes,,,Open Food Facts additives taxonomy (ODbL)
INS:412,412,E412,Guar gum,Gum cyamopsis|guar flour,ADDITIVE,emulsifier|stabiliser|thickener,"Emulsifier, Stabiliser, Thickener",Emulsifiers are substances which make it possible to form or maintain a homogenous mixture of two or more immiscible phases such as oil and water in a foodstuff.,yes,yes,https://www.wikidata.org/wiki/Q422071,,Open Food Facts additives taxonomy (ODbL)
INS:413,413,E413,Tragacanth,Tragacanth gum,ADDITIVE,emulsifier|stabiliser|thickener,"Emulsifier, Stabiliser, Thickener",Emulsifiers are substances which make it possible to form or maintain a homogenous mixture of two or more immiscible phases such as oil and water in a foodstuff.,yes,yes,https://www.wikidata.org/wiki/Q423901,https://efsa.onlinelibrary.wiley.com/doi/10.2903/j.efsa.2017.4789,Open Food Facts additives taxonomy (ODbL)
INS:414,414,E414,Acacia gum,gum arabic|gum acacia|arabic gum|Gum arabic|E-414|INS414|INS 414,ADDITIVE,carrier|emulsifier|stabiliser|thickener,"Carrier, Emulsifier, Stabiliser, Thickener","A food additive used to dissolve, dilute, disperse or otherwise physically modify a food additive or nutrient without altering its function (and without exerting any technological effect itself) in order to facilitate its handling, application or use of the food additive or nutrient.",yes,yes,https://www.wikidata.org/wiki/Q535814,,Open Food Facts additives taxonomy (ODbL)
INS:414a,414a,E414a,E414a food additive,,ADDITIVE,carrier|emulsifier|stabiliser|thickener,"Carrier, Emulsifier, Stabiliser, Thickener","A food additive used to dissolve, dilute, disperse or otherwise physically modify a food additive or nutrient without altering its function (and without exerting any technological effect itself) in order to facilitate its handling, application or use of the food additive or nutrient.",yes,yes,,,Open Food Facts additives taxonomy (ODbL)
INS:415,415,E415,Xanthan gum,xanthan|E-415,ADDITIVE,emulsifier|stabiliser|thickener,"Emulsifier, Stabiliser, Thickener",Emulsifiers are substances which make it possible to form or maintain a homogenous mixture of two or more immiscible phases such as oil and water in a foodstuff.,yes,yes,https://www.wikidata.org/wiki/Q410768,https://efsa.onlinelibrary.wiley.com/doi/10.2903/j.efsa.2017.4909,Open Food Facts additives taxonomy (ODbL)
INS:416,416,E416,Karaya-gum,Katilo|Kadaya|Gum sterculia|Sterculia|Karaya|gum karaya|Kullo,ADDITIVE,emulsifier|stabiliser|thickener,"Emulsifier, Stabiliser, Thickener",Emulsifiers are substances which make it possible to form or maintain a homogenous mixture of two or more immiscible phases such as oil and water in a foodstuff.,yes,yes,https://www.wikidata.org/wiki/Q421167,http://dx.doi.org/10.2903/j.efsa.2016.4598,Open Food Facts additives taxonomy (ODbL)
INS:417,417,E417,Tara gum,,ADDITIVE,stabiliser|thickener,"Stabiliser, Thickener","Stabilisers are substances which make it possible to maintain the physico-chemical state of a foodstuff; stabilisers include substances which enable the maintenance of a homogenous dispersion of two or more immiscible substances in a foodstuff, substances which stabilise, retain or intensify an existing colour of a foodstuff and substances which increase the binding capacity of the food, including the formation of cross-links between proteins enabling the binding of food pieces into re-constituted food.",yes,yes,https://www.wikidata.org/wiki/Q15089452,https://efsa.onlinelibrary.wiley.com/doi/10.2903/j.efsa.2017.4863,Open Food Facts additives taxonomy (ODbL)
INS:418,418,E418,Gellan gum,gellan|E-418|INS418|INS-418|INS 418,ADDITIVE,stabiliser|thickener,"Stabiliser, Thickener","Stabilisers are substances which make it possible to maintain the physico-chemical state of a foodstuff; stabilisers include substances which enable the maintenance of a homogenous dispersion of two or more immiscible substances in a foodstuff, substances which stabilise, retain or intensify an existing colour of a foodstuff and substances which increase the binding capacity of the food, including the formation of cross-links between proteins enabling the binding of food pieces into re-constituted food.",yes,yes,https://www.wikidata.org/wiki/Q416694,https://efsa.onlinelibrary.wiley.com/doi/10.2903/j.efsa.2018.5296,Open Food Facts additives taxonomy (ODbL)
INS:418i,418i,E418i,,,ADDITIVE,stabiliser|thickener,"Stabiliser, Thickener","Stabilisers are substances which make it possible to maintain the physico-chemical state of a foodstuff; stabilisers include substances which enable the maintenance of a homogenous dispersion of two or more immiscible substances in a foodstuff, substances which stabilise, retain or intensify an existing colour of a foodstuff and substances which increase the binding capacity of the food, including the formation of cross-links between proteins enabling the binding of food pieces into re-constituted food.",,,,,Open Food Facts additives taxonomy (ODbL)
INS:418ii,418ii,E418ii,Low-acyl clarified gellan gum,,ADDITIVE,stabiliser|thickener,"Stabiliser, Thickener","Stabilisers are substances which make it possible to maintain the physico-chemical state of a foodstuff; stabilisers include substances which enable the maintenance of a homogenous dispersion of two or more immiscible substances in a foodstuff, substances which stabilise, retain or intensify an existing colour of a foodstuff and substances which increase the binding capacity of the food, including the formation of cross-links between proteins enabling the binding of food pieces into re-constituted food.",,,,,Open Food Facts additives taxonomy (ODbL)
INS:419,419,E419,Gum ghatti,,ADDITIVE,stabiliser|thickener,"Stabiliser, Thickener","Stabilisers are substances which make it possible to maintain the physico-chemical state of a foodstuff; stabilisers include substances which enable the maintenance of a homogenous dispersion of two or more immiscible substances in a foodstuff, substances which stabilise, retain or intensify an existing colour of a foodstuff and substances which increase the binding capacity of the food, including the formation of cross-links between proteins enabling the binding of food pieces into re-constituted food.",yes,yes,https://www.wikidata.org/wiki/Q18967232,,Open Food Facts additives taxonomy (ODbL)
INS:420,420,E420,Sorbitol,glucitol,SWEETENER,humectant|sequestrant|stabiliser|sweetener|thickener,"Humectant, Sequestrant, Stabiliser, Sweetener, Thickener","Humectants are substances which prevent foods from drying out by counteracting the effect of an atmosphere having a low degree of humidity, or promote the dissolution of a powder in an aqueous medium.",yes,yes,https://www.wikidata.org/wiki/Q245280,,Open Food Facts additives taxonomy (ODbL)
INS:420i,420i,E420i,D-sorbitol,D-glucitol,SWEETENER,humectant|sequestrant|stabiliser|sweetener|thickener,"Humectant, Sequestrant, Stabiliser, Sweetener, Thickener","Humectants are substances which prevent foods from drying out by counteracting the effect of an atmosphere having a low degree of humidity, or promote the dissolution of a powder in an aqueous medium.",,,https://www.wikidata.org/wiki/Q245280,,Open Food Facts additives taxonomy (ODbL)
INS:420ii,420ii,E420ii,Sorbitol syrup,,SWEETENER,humectant|sequestrant|stabiliser|sweetener|thickener,"Humectant, Sequestrant, Stabiliser, Sweetener, Thickener","Humectants are substances which prevent foods from drying out by counteracting the effect of an atmosphere having a low degree of humidity, or promote the dissolution of a powder in an aqueous medium.",,,https://www.wikidata.org/wiki/Q245280,,Open Food Facts additives taxonomy (ODbL)
INS:421,421,E421,Mannitol,,SWEETENER,humectant|stabiliser|sweetener|thickener,"Humectant, Stabiliser, Sweetener, Thickener","Humectants are substances which prevent foods from drying out by counteracting the effect of an atmosphere having a low degree of humidity, or promote the dissolution of a powder in an aqueous medium.",yes,yes,https://www.wikidata.org/wiki/Q407646,,Open Food Facts additives taxonomy (ODbL)
INS:422,422,E422,Glycerol,Glycerin|Glycerine|vegetable glycerine|vegetable glycerin,ADDITIVE,humectant|thickener,"Humectant, Thickener","Humectants are substances which prevent foods from drying out by counteracting the effect of an atmosphere having a low degree of humidity, or promote the dissolution of a powder in an aqueous medium.",maybe,maybe,https://www.wikidata.org/wiki/Q132501,,Open Food Facts additives taxonomy (ODbL)
INS:424,424,E424,Curdlan,,ADDITIVE,stabiliser|thickener,"Stabiliser, Thickener","Stabilisers are substances which make it possible to maintain the physico-chemical state of a foodstuff; stabilisers include substances which enable the maintenance of a homogenous dispersion of two or more immiscible substances in a foodstuff, substances which stabilise, retain or intensify an existing colour of a foodstuff and substances which increase the binding capacity of the food, including the formation of cross-links between proteins enabling the binding of food pieces into re-constituted food.",yes,yes,https://www.wikidata.org/wiki/Q616242,,Open Food Facts additives taxonomy (ODbL)
INS:425,425,E425,Konjac,,ADDITIVE,carrier|emulsifier|humectant|stabiliser|thickener,"Carrier, Emulsifier, Humectant, Stabiliser, Thickener","A food additive used to dissolve, dilute, disperse or otherwise physically modify a food additive or nutrient without altering its function (and without exerting any technological effect itself) in order to facilitate its handling, application or use of the food additive or nutrient.",yes,yes,,,Open Food Facts additives taxonomy (ODbL)
INS:425i,425i,E425i,Konjac gum,Konjak gum,ADDITIVE,carrier|emulsifier|humectant|stabiliser|thickener,"Carrier, Emulsifier, Humectant, Stabiliser, Thickener","A food additive used to dissolve, dilute, disperse or otherwise physically modify a food additive or nutrient without altering its function (and without exerting any technological effect itself) in order to facilitate its handling, application or use of the food additive or nutrient.",,,,,Open Food Facts additives taxonomy (ODbL)
INS:425ii,425ii,E425ii,Konjac glucomannan,,ADDITIVE,carrier|emulsifier|humectant|stabiliser|thickener,"Carrier, Emulsifier, Humectant, Stabiliser, Thickener","A food additive used to dissolve, dilute, disperse or otherwise physically modify a food additive or nutrient without altering its function (and without exerting any technological effect itself) in order to facilitate its handling, application or use of the food additive or nutrient.",,,,,Open Food Facts additives taxonomy (ODbL)
INS:426,426,E426,Soybean hemicellulose,,ADDITIVE,,,,yes,yes,https://www.wikidata.org/wiki/Q18967285,,Open Food Facts additives taxonomy (ODbL)
INS:427,427,E427,Cassia gum,,ADDITIVE,emulsifier|stabiliser|thickener,"Emulsifier, Stabiliser, Thickener",Emulsifiers are substances which make it possible to form or maintain a homogenous mixture of two or more immiscible phases such as oil and water in a foodstuff.,yes,yes,https://www.wikidata.org/wiki/Q3110379,,Open Food Facts additives taxonomy (ODbL)
INS:428,428,E428,Gelatine,gelatin,ADDITIVE,,,,no,no,https://www.wikidata.org/wiki/Q179254,,Open Food Facts additives taxonomy (ODbL)
INS:429,429,E429,peptone,tryptone,ADDITIVE,,,,yes,yes,https://www.wikidata.org/wiki/Q424323,,Open Food Facts additives taxonomy (ODbL)
INS:430,430,E430,Polyoxyethylene (8) stearate,,ADDITIVE,emulsifier,Emulsifier,Emulsifiers are substances which make it possible to form or maintain a homogenous mixture of two or more immiscible phases such as oil and water in a foodstuff.,maybe,maybe,,,Open Food Facts additives taxonomy (ODbL)
INS:431,431,E431,Polyoxyethylene (40) stearate,Polyoxyl (40) stearate,ADDITIVE,emulsifier,Emulsifier,Emulsifiers are substances which make it possible to form or maintain a homogenous mixture of two or more immiscible phases such as oil and water in a foodstuff.,maybe,maybe,https://www.wikidata.org/wiki/Q18636149,,Open Food Facts additives taxonomy (ODbL)
INS:432,432,E432,Polyoxyethylene sorbitan monolaurate,Polysorbate 20|Alkest TW 20|Tween 20|PEG(20)sorbitan monolaurate,ADDITIVE,emulsifier|stabiliser,"Emulsifier, Stabiliser",Emulsifiers are substances which make it possible to form or maintain a homogenous mixture of two or more immiscible phases such as oil and water in a foodstuff.,maybe,maybe,https://www.wikidata.org/wiki/Q413616,http://dx.doi.org/10.2903/j.efsa.2015.4152,Open Food Facts additives taxonomy (ODbL)
INS:433,433,E433,Polyoxyethylene sorbitan monooleate,Polysorbate 80,ADDITIVE,emulsifier|stabiliser,"Emulsifier, Stabiliser",Emulsifiers are substances which make it possible to form or maintain a homogenous mixture of two or more immiscible phases such as oil and water in a foodstuff.,maybe,maybe,https://www.wikidata.org/wiki/Q420358,http://dx.doi.org/10.2903/j.efsa.2015.4152,Open Food Facts additives taxonomy (ODbL)
INS:434,434,E434,Polyoxyethylene sorbitan monopalmitate,Polysorbate 40,ADDITIVE,emulsifier,Emulsifier,Emulsifiers are substances which make it possible to form or maintain a homogenous mixture of two or more immiscible phases such as oil and water in a foodstuff.,maybe,maybe,https://www.wikidata.org/wiki/Q1413823,http://dx.doi.org/10.2903/j.efsa.2015.4152,Open Food Facts additives taxonomy (ODbL)
INS:435,435,E435,Polyoxyethylene sorbitan monostearate,Polysorbate 60,ADDITIVE,emulsifier|stabiliser,"Emulsifier, Stabiliser",Emulsifiers are substances which make it possible to form or maintain a homogenous mixture of two or more immiscible phases such as oil and water in a foodstuff.,maybe,maybe,https://www.wikidata.org/wiki/Q2103104,http://dx.doi.org/10.2903/j.efsa.2015.4152,Open Food Facts additives taxonomy (ODbL)
INS:436,436,E436,Polyoxyethylene sorbitan tristearate,Polysorbate 65,ADDITIVE,emulsifier|stabiliser,"Emulsifier, Stabiliser",Emulsifiers are substances which make it possible to form or maintain a homogenous mixture of two or more immiscible phases such as oil and water in a foodstuff.,maybe,maybe,https://www.wikidata.org/wiki/Q2103107,http://dx.doi.org/10.2903/j.efsa.2015.4152,Open Food Facts additives taxonomy (ODbL)
INS:440,440,E440,Pectins,pectin,ADDITIVE,emulsifier|stabiliser|thickener,"Emulsifier, Stabiliser, Thickener",Emulsifiers are substances which make it possible to form or maintain a homogenous mixture of two or more immiscible phases such as oil and water in a foodstuff.,yes,yes,https://www.wikidata.org/wiki/Q188154,,Open Food Facts additives taxonomy (ODbL)
INS:440a,440a,E440a,Pectin,,ADDITIVE,emulsifier|stabiliser|thickener,"Emulsifier, Stabiliser, Thickener",Emulsifiers are substances which make it possible to form or maintain a homogenous mixture of two or more immiscible phases such as oil and water in a foodstuff.,yes,yes,https://www.wikidata.org/wiki/Q188154,,Open Food Facts additives taxonomy (ODbL)
INS:440aii,440aii,E440aii,Sodium pectate,,ADDITIVE,emulsifier|stabiliser|thickener,"Emulsifier, Stabiliser, Thickener",Emulsifiers are substances which make it possible to form or maintain a homogenous mixture of two or more immiscible phases such as oil and water in a foodstuff.,,,https://www.wikidata.org/wiki/Q188154,,Open Food Facts additives taxonomy (ODbL)
INS:440aiii,440aiii,E440aiii,Potassium pectate,,ADDITIVE,emulsifier|stabiliser|thickener,"Emulsifier, Stabiliser, Thickener",Emulsifiers are substances which make it possible to form or maintain a homogenous mixture of two or more immiscible phases such as oil and water in a foodstuff.,,,https://www.wikidata.org/wiki/Q188154,,Open Food Facts additives taxonomy (ODbL)
INS:440aiv,440aiv,E440aiv,Ammonium Pectate,,ADDITIVE,emulsifier|stabiliser|thickener,"Emulsifier, Stabiliser, Thickener",Emulsifiers are substances which make it possible to form or maintain a homogenous mixture of two or more immiscible phases such as oil and water in a foodstuff.,,,https://www.wikidata.org/wiki/Q188154,,Open Food Facts additives taxonomy (ODbL)
INS:440b,440b,E440b,pectin amide,amidated pectin,ADDITIVE,emulsifier|stabiliser|thickener,"Emulsifier, Stabiliser, Thickener",Emulsifiers are substances which make it possible to form or maintain a homogenous mixture of two or more immiscible phases such as oil and water in a foodstuff.,yes,yes,https://www.wikidata.org/wiki/Q188154,,Open Food Facts additives taxonomy (ODbL)
INS:440i,440i,E440i,non-amidated pectines,,ADDITIVE,emulsifier|stabiliser|thickener,"Emulsifier, Stabiliser, Thickener",Emulsifiers are substances which make it possible to form or maintain a homogenous mixture of two or more immiscible phases such as oil and water in a foodstuff.,,,https://www.wikidata.org/wiki/Q188154,,Open Food Facts additives taxonomy (ODbL)
INS:440ii,440ii,E440ii,Amidated pectin,,ADDITIVE,emulsifier|stabiliser|thickener,"Emulsifier, Stabiliser, Thickener",Emulsifiers are substances which make it possible to form or maintain a homogenous mixture of two or more immiscible phases such as oil and water in a foodstuff.,,,https://www.wikidata.org/wiki/Q42807519,,Open Food Facts additives taxonomy (ODbL)
INS:441,441,E441,Superglycerinated hydrogenated rapeseed oil,Hydrogenated rapeseed oil superglycerinated|Superglycerinated fully hydrogenated rapeseed oil,ADDITIVE,,,,yes,yes,,,Open Food Facts additives taxonomy (ODbL)
INS:442,442,E442,Ammonium phosphatides,Mixed ammonium salts of phosphorylated glycerides|Emulsifier YN|Ammonium phosphatide,ADDITIVE,emulsifier,Emulsifier,Emulsifiers are substances which make it possible to form or maintain a homogenous mixture of two or more immiscible phases such as oil and water in a foodstuff.,maybe,maybe,https://www.wikidata.org/wiki/Q695975,,Open Food Facts additives taxonomy (ODbL)
INS:443,443,E443,Brominated vegetable oil,,ADDITIVE,,,,yes,yes,https://www.wikidata.org/wiki/Q4164502,,Open Food Facts additives taxonomy (ODbL)
INS:444,444,E444,Sucrose acetate isobutyrate,,ADDITIVE,emulsifier|stabiliser,"Emulsifier, Stabiliser",Emulsifiers are substances which make it possible to form or maintain a homogenous mixture of two or more immiscible phases such as oil and water in a foodstuff.,yes,yes,https://www.wikidata.org/wiki/Q410537,http://dx.doi.org/10.2903/j.efsa.2016.4489,Open Food Facts additives taxonomy (ODbL)
INS:445,445,E445,Glycerol esters of wood rosin,Glycerol ester of wood rosin|glyceryl abietate|ester gum,ADDITIVE,emulsifier|stabiliser,"Emulsifier, Stabiliser",Emulsifiers are substances which make it possible to form or maintain a homogenous mixture of two or more immiscible phases such as oil and water in a foodstuff.,yes,yes,https://www.wikidata.org/wiki/Q836765,,Open Food Facts additives taxonomy (ODbL)
INS:445i,445i,E445i,Glycerol ester of gum rosin,,ADDITIVE,emulsifier|stabiliser,"Emulsifier, Stabiliser",Emulsifiers are substances which make it possible to form or maintain a homogenous mixture of two or more immiscible phases such as oil and water in a foodstuff.,,,,,Open Food Facts additives taxonomy (ODbL)
INS:445ii,445ii,E445ii,Glycerol ester of tall oil rosin,,ADDITIVE,emulsifier|stabiliser,"Emulsifier, Stabiliser",Emulsifiers are substances which make it possible to form or maintain a homogenous mixture of two or more immiscible phases such as oil and water in a foodstuff.,,,,,Open Food Facts additives taxonomy (ODbL)
INS:445iii,445iii,E445iii,,,ADDITIVE,emulsifier|stabiliser,"Emulsifier, Stabiliser",Emulsifiers are substances which make it possible to form or maintain a homogenous mixture of two or more immiscible phases such as oil and water in a foodstuff.,,,,,Open Food Facts additives taxonomy (ODbL)
INS:446,446,E446,Succistearin,,ADDITIVE,,,,yes,yes,https://www.wikidata.org/wiki/Q18601547,,Open Food Facts additives taxonomy (ODbL)
INS:450,450,E450,Diphosphates,Pyrophosphate|diphosphate|E-450|e450 stabilizer,ADDITIVE,emulsifier|humectant|sequestrant|stabiliser|thickener,"Emulsifier, Humectant, Sequestrant, Stabiliser, Thickener",Emulsifiers are substances which make it possible to form or maintain a homogenous mixture of two or more immiscible phases such as oil and water in a foodstuff.,yes,yes,https://www.wikidata.org/wiki/Q55506489,https://efsa.onlinelibrary.wiley.com/doi/10.2903/j.efsa.2019.5674,Open Food Facts additives taxonomy (ODbL)
INS:450i,450i,E450i,Disodium diphosphate,Sodium Acid Pyrophosphate|sapp|disodium dihydrogen pyrophosphate|disodium pyrophosphate|sodium acid pyrophosphate|disodium diphosphate|disodium dihydrogen diphosphate,ADDITIVE,emulsifier|humectant|sequestrant|stabiliser|thickener,"Emulsifier, Humectant, Sequestrant, Stabiliser, Thickener",Emulsifiers are substances which make it possible to form or maintain a homogenous mixture of two or more immiscible phases such as oil and water in a foodstuff.,,,https://www.wikidata.org/wiki/Q418498,,Open Food Facts additives taxonomy (ODbL)
INS:450ii,450ii,E450ii,Trisodium diphosphate,e450ii,ADDITIVE,emulsifier|humectant|sequestrant|stabiliser|thickener,"Emulsifier, Humectant, Sequestrant, Stabiliser, Thickener",Emulsifiers are substances which make it possible to form or maintain a homogenous mixture of two or more immiscible phases such as oil and water in a foodstuff.,,,https://www.wikidata.org/wiki/Q290828,,Open Food Facts additives taxonomy (ODbL)
INS:450iii,450iii,E450iii,Tetrasodium diphosphate,Tetrasodium pyrophosphate|Tetrasodium disphosphate|Tetrasodium diphosphate|sodium pyrophosphate|TSPP|e450iii,ADDITIVE,emulsifier|humectant|sequestrant|stabiliser|thickener,"Emulsifier, Humectant, Sequestrant, Stabiliser, Thickener",Emulsifiers are substances which make it possible to form or maintain a homogenous mixture of two or more immiscible phases such as oil and water in a foodstuff.,,,https://www.wikidata.org/wiki/Q418504,,Open Food Facts additives taxonomy (ODbL)
INS:450iv,450iv,E450iv,dipotassium dihydrogenpyrophosphate,E450iv|E-450iv,ADDITIVE,emulsifier|humectant|sequestrant|stabiliser|thickener,"Emulsifier, Humectant, Sequestrant, Stabiliser, Thickener",Emulsifiers are substances which make it possible to form or maintain a homogenous mixture of two or more immiscible phases such as oil and water in a foodstuff.,,,https://www.wikidata.org/wiki/Q290828,,Open Food Facts additives taxonomy (ODbL)
INS:450ix,450ix,E450ix,Magnesium dihydrogen diphosphate,,ADDITIVE,emulsifier|humectant|sequestrant|stabiliser|thickener,"Emulsifier, Humectant, Sequestrant, Stabiliser, Thickener",Emulsifiers are substances which make it possible to form or maintain a homogenous mixture of two or more immiscible phases such as oil and water in a foodstuff.,,,,,Open Food Facts additives taxonomy (ODbL)
INS:450v,450v,E450v,Tetrapotassium diphosphate,tetrapotassium pyrophosphate,ADDITIVE,emulsifier|humectant|sequestrant|stabiliser|thickener,"Emulsifier, Humectant, Sequestrant, Stabiliser, Thickener",Emulsifiers are substances which make it possible to form or maintain a homogenous mixture of two or more immiscible phases such as oil and water in a foodstuff.,,,https://www.wikidata.org/wiki/Q290828,,Open Food Facts additives taxonomy (ODbL)
INS:450vi,450vi,E450vi,Dicalcium diphosphate,dicalcium pyrophosphate|e450vi,ADDITIVE,emulsifier|humectant|sequestrant|stabiliser|thickener,"Emulsifier, Humectant, Sequestrant, Stabiliser, Thickener",Emulsifiers are substances which make it possible to form or maintain a homogenous mixture of two or more immiscible phases such as oil and water in a foodstuff.,,,https://www.wikidata.org/wiki/Q4363460,,Open Food Facts additives taxonomy (ODbL)
INS:450vii,450vii,E450vii,Calcium dihydrogen diphosphate,Acid calcium pyrophosphate|e450vii,ADDITIVE,emulsifier|humectant|sequestrant|stabiliser|thickener,"Emulsifier, Humectant, Sequestrant, Stabiliser, Thickener",Emulsifiers are substances which make it possible to form or maintain a homogenous mixture of two or more immiscible phases such as oil and water in a foodstuff.,,,https://www.wikidata.org/wiki/Q290828,,Open Food Facts additives taxonomy (ODbL)
INS:450viii,450viii,E450viii,,,ADDITIVE,emulsifier|humectant|sequestrant|stabiliser|thickener,"Emulsifier, Humectant, Sequestrant, Stabiliser, Thickener",Emulsifiers are substances which make it possible to form or maintain a homogenous mixture of two or more immiscible phases such as oil and water in a foodstuff.,,,https://www.wikidata.org/wiki/Q290828,,Open Food Facts additives taxonomy (ODbL)
INS:451,451,E451,Triphosphates,triphosphate|e-451,ADDITIVE,emulsifier|humectant|sequestrant|stabiliser|thickener,"Emulsifier, Humectant, Sequestrant, Stabiliser, Thickener",Emulsifiers are substances which make it possible to form or maintain a homogenous mixture of two or more immiscible phases such as oil and water in a foodstuff.,yes,yes,https://www.wikidata.org/wiki/Q29145,https://efsa.onlinelibrary.wiley.com/doi/10.2903/j.efsa.2019.5674,Open Food Facts additives taxonomy (ODbL)
INS:451i,451i,E451i,Pentasodium triphosphate,Pentasodium tripolyphosphate|Sodium triphosphate|e-451i,ADDITIVE,emulsifier|humectant|sequestrant|stabiliser|thickener,"Emulsifier, Humectant, Sequestrant, Stabiliser, Thickener",Emulsifiers are substances which make it possible to form or maintain a homogenous mixture of two or more immiscible phases such as oil and water in a foodstuff.,,,https://www.wikidata.org/wiki/Q29145,,Open Food Facts additives taxonomy (ODbL)
INS:451ii,451ii,E451ii,Pentapotassium triphosphate,potassium triphosphate|potassium tripolyphosphate|KTPP|E451ii|E 451ii|E-451ii,ADDITIVE,emulsifier|humectant|sequestrant|stabiliser|thickener,"Emulsifier, Humectant, Sequestrant, Stabiliser, Thickener",Emulsifiers are substances which make it possible to form or maintain a homogenous mixture of two or more immiscible phases such as oil and water in a foodstuff.,,,https://www.wikidata.org/wiki/Q15632716,,Open Food Facts additives taxonomy (ODbL)
INS:451iii,451iii,E451iii,Sodium potassium triphosphate,,ADDITIVE,emulsifier|humectant|sequestrant|stabiliser|thickener,"Emulsifier, Humectant, Sequestrant, Stabiliser, Thickener",Emulsifiers are substances which make it possible to form or maintain a homogenous mixture of two or more immiscible phases such as oil and water in a foodstuff.,,,,,Open Food Facts additives taxonomy (ODbL)
INS:452,452,E452,Polyphosphates,Polyphosphate E452|e-452,ADDITIVE,emulsifier|humectant|sequestrant|stabiliser|thickener,"Emulsifier, Humectant, Sequestrant, Stabiliser, Thickener",Emulsifiers are substances which make it possible to form or maintain a homogenous mixture of two or more immiscible phases such as oil and water in a foodstuff.,yes,yes,https://www.wikidata.org/wiki/Q11867365,https://efsa.onlinelibrary.wiley.com/doi/10.2903/j.efsa.2019.5674,Open Food Facts additives taxonomy (ODbL)
INS:452i,452i,E452i,Sodium polyphosphate,sodium hexametaphosphate|sodium polymetaphosphate|e-452i,ADDITIVE,emulsifier|humectant|sequestrant|stabiliser|thickener,"Emulsifier, Humectant, Sequestrant, Stabiliser, Thickener",Emulsifiers are substances which make it possible to form or maintain a homogenous mixture of two or more immiscible phases such as oil and water in a foodstuff.,,,https://www.wikidata.org/wiki/Q11867365,,Open Food Facts additives taxonomy (ODbL)
INS:452ii,452ii,E452ii,Potassium polyphosphate,Potassium metaphosphate|Potassium polymetaphosphate|E452ii|E 452ii|E-452ii,ADDITIVE,emulsifier|humectant|sequestrant|stabiliser|thickener,"Emulsifier, Humectant, Sequestrant, Stabiliser, Thickener",Emulsifiers are substances which make it possible to form or maintain a homogenous mixture of two or more immiscible phases such as oil and water in a foodstuff.,,,https://www.wikidata.org/wiki/Q42807555,,Open Food Facts additives taxonomy (ODbL)
INS:452iii,452iii,E452iii,Sodium calcium polyphosphate,Sodium calcium polyphosphate|E452iii|E 452iii|E-452iii,ADDITIVE,emulsifier|humectant|sequestrant|stabiliser|thickener,"Emulsifier, Humectant, Sequestrant, Stabiliser, Thickener",Emulsifiers are substances which make it possible to form or maintain a homogenous mixture of two or more immiscible phases such as oil and water in a foodstuff.,,,https://www.wikidata.org/wiki/Q18967198,,Open Food Facts additives taxonomy (ODbL)
INS:452iv,452iv,E452iv,Calcium polyphosphate,Calcium metaphosphate|e452iv|e 452iv|e-452iv,ADDITIVE,emulsifier|humectant|sequestrant|stabiliser|thickener,"Emulsifier, Humectant, Sequestrant, Stabiliser, Thickener",Emulsifiers are substances which make it possible to form or maintain a homogenous mixture of two or more immiscible phases such as oil and water in a foodstuff.,,,https://www.wikidata.org/wiki/Q11867365,,Open Food Facts additives taxonomy (ODbL)
INS:452v,452v,E452v,Ammonium polyphosphate,e-452v,ADDITIVE,emulsifier|humectant|sequestrant|stabiliser|thickener,"Emulsifier, Humectant, Sequestrant, Stabiliser, Thickener",Emulsifiers are substances which make it possible to form or maintain a homogenous mixture of two or more immiscible phases such as oil and water in a foodstuff.,,,https://www.wikidata.org/wiki/Q11867365,,Open Food Facts additives taxonomy (ODbL)
INS:452vi,452vi,E452vi,Sodium tripolyphosphate,E452vi|E 452vi|E-452vi,ADDITIVE,emulsifier|humectant|sequestrant|stabiliser|thickener,"Emulsifier, Humectant, Sequestrant, Stabiliser, Thickener",Emulsifiers are substances which make it possible to form or maintain a homogenous mixture of two or more immiscible phases such as oil and water in a foodstuff.,,,https://www.wikidata.org/wiki/Q11867365,,Open Food Facts additives taxonomy (ODbL)
INS:457,457,E457,Alpha-Cyclodextrine,,ADDITIVE,stabiliser|thickener,"Stabiliser, Thickener","Stabilisers are substances which make it possible to maintain the physico-chemical state of a foodstuff; stabilisers include substances which enable the maintenance of a homogenous dispersion of two or more immiscible substances in a foodstuff, substances which stabilise, retain or intensify an existing colour of a foodstuff and substances which increase the binding capacity of the food, including the formation of cross-links between proteins enabling the binding of food pieces into re-constituted food.",yes,yes,,,Open Food Facts additives taxonomy (ODbL)
INS:458,458,E458,Gamma-Cyclodextrine,,ADDITIVE,stabiliser|thickener,"Stabiliser, Thickener","Stabilisers are substances which make it possible to maintain the physico-chemical state of a foodstuff; stabilisers include substances which enable the maintenance of a homogenous dispersion of two or more immiscible substances in a foodstuff, substances which stabilise, retain or intensify an existing colour of a foodstuff and substances which increase the binding capacity of the food, including the formation of cross-links between proteins enabling the binding of food pieces into re-constituted food.",yes,yes,,,Open Food Facts additives taxonomy (ODbL)
INS:459,459,E459,Beta-cyclodextrine,,ADDITIVE,carrier|stabiliser|thickener,"Carrier, Stabiliser, Thickener","A food additive used to dissolve, dilute, disperse or otherwise physically modify a food additive or nutrient without altering its function (and without exerting any technological effect itself) in order to facilitate its handling, application or use of the food additive or nutrient.",yes,yes,,http://dx.doi.org/10.2903/j.efsa.2016.4628,Open Food Facts additives taxonomy (ODbL)
INS:460,460,E460,Cellulose,cellulose powder to prevent caking|cellulose powder added to prevent caking,ADDITIVE,carrier|emulsifier|humectant|stabiliser|thickener,"Carrier, Emulsifier, Humectant, Stabiliser, Thickener","A food additive used to dissolve, dilute, disperse or otherwise physically modify a food additive or nutrient without altering its function (and without exerting any technological effect itself) in order to facilitate its handling, application or use of the food additive or nutrient.",yes,yes,https://www.wikidata.org/wiki/Q80294,,Open Food Facts additives taxonomy (ODbL)
INS:460i,460i,E460i,Microcrystalline cellulose,,ADDITIVE,carrier|emulsifier|humectant|stabiliser|thickener,"Carrier, Emulsifier, Humectant, Stabiliser, Thickener","A food additive used to dissolve, dilute, disperse or otherwise physically modify a food additive or nutrient without altering its function (and without exerting any technological effect itself) in order to facilitate its handling, application or use of the food additive or nutrient.",,,https://www.wikidata.org/wiki/Q80294,,Open Food Facts additives taxonomy (ODbL)
INS:460ii,460ii,E460ii,Powdered cellulose,Purified cellulose,ADDITIVE,carrier|emulsifier|humectant|stabiliser|thickener,"Carrier, Emulsifier, Humectant, Stabiliser, Thickener","A food additive used to dissolve, dilute, disperse or otherwise physically modify a food additive or nutrient without altering its function (and without exerting any technological effect itself) in order to facilitate its handling, application or use of the food additive or nutrient.",,,https://www.wikidata.org/wiki/Q80294,,Open Food Facts additives taxonomy (ODbL)
INS:461,461,E461,methyl cellulose,methylcellulose,ADDITIVE,emulsifier|stabiliser|thickener,"Emulsifier, Stabiliser, Thickener",Emulsifiers are substances which make it possible to form or maintain a homogenous mixture of two or more immiscible phases such as oil and water in a foodstuff.,yes,yes,https://www.wikidata.org/wiki/Q416312,,Open Food Facts additives taxonomy (ODbL)
INS:462,462,E462,Ethyl cellulose,Ethylcellulose,ADDITIVE,carrier|thickener,"Carrier, Thickener","A food additive used to dissolve, dilute, disperse or otherwise physically modify a food additive or nutrient without altering its function (and without exerting any technological effect itself) in order to facilitate its handling, application or use of the food additive or nutrient.",yes,yes,https://www.wikidata.org/wiki/Q420113,,Open Food Facts additives taxonomy (ODbL)
INS:463,463,E463,Hydroxypropyl cellulose,Hydroxypropylcellulose,ADDITIVE,emulsifier|stabiliser|thickener,"Emulsifier, Stabiliser, Thickener",Emulsifiers are substances which make it possible to form or maintain a homogenous mixture of two or more immiscible phases such as oil and water in a foodstuff.,yes,yes,https://www.wikidata.org/wiki/Q724426,,Open Food Facts additives taxonomy (ODbL)
INS:464,464,E464,Hydroxypropyl methyl cellulose,hypromellose|hydroxypropyl methylcellulose|HPMC|hydroxypropylmethylcellulose|hydroxy propyl methyl cellulose,ADDITIVE,emulsifier|stabiliser|thickener,"Emulsifier, Stabiliser, Thickener",Emulsifiers are substances which make it possible to form or maintain a homogenous mixture of two or more immiscible phases such as oil and water in a foodstuff.,yes,yes,https://www.wikidata.org/wiki/Q423846,http://dx.doi.org/10.2903/j.efsa.2015.4088,Open Food Facts additives taxonomy (ODbL)
INS:465,465,E465,Ethyl methyl cellulose,Ethylmethylcellulose,ADDITIVE,emulsifier|stabiliser|thickener,"Emulsifier, Stabiliser, Thickener",Emulsifiers are substances which make it possible to form or maintain a homogenous mixture of two or more immiscible phases such as oil and water in a foodstuff.,yes,yes,https://www.wikidata.org/wiki/Q18579463,,Open Food Facts additives taxonomy (ODbL)
INS:466,466,E466,Sodium carboxy methyl cellulose,sodium carboxymethylcellulose|carboxy methyl cellulose|Carboxymethylcellulose|cellulose gum|carboxymethyl cellulose|CMC|NaCMC,ADDITIVE,emulsifier|humectant|stabiliser|thickener,"Emulsifier, Humectant, Stabiliser, Thickener",Emulsifiers are substances which make it possible to form or maintain a homogenous mixture of two or more immiscible phases such as oil and water in a foodstuff.,yes,yes,https://www.wikidata.org/wiki/Q411030,,Open Food Facts additives taxonomy (ODbL)
INS:467,467,E467,Ethulose,,ADDITIVE,emulsifier|stabiliser|thickener,"Emulsifier, Stabiliser, Thickener",Emulsifiers are substances which make it possible to form or maintain a homogenous mixture of two or more immiscible phases such as oil and water in a foodstuff.,yes,yes,https://www.wikidata.org/wiki/Q5404436,,Open Food Facts additives taxonomy (ODbL)
INS:468,468,E468,Cross-linked sodium carboxymethylcellulose,cross-linked cellulose gum|Crosslinked sodium carboxy methyl cellulose,ADDITIVE,stabiliser|thickener,"Stabiliser, Thickener","Stabilisers are substances which make it possible to maintain the physico-chemical state of a foodstuff; stabilisers include substances which enable the maintenance of a homogenous dispersion of two or more immiscible substances in a foodstuff, substances which stabilise, retain or intensify an existing colour of a foodstuff and substances which increase the binding capacity of the food, including the formation of cross-links between proteins enabling the binding of food pieces into re-constituted food.",yes,yes,https://www.wikidata.org/wiki/Q18967204,,Open Food Facts additives taxonomy (ODbL)
INS:469,469,E469,Enzymatically hydrolysed carboxymethylcellulose,enzymatically hydrolised cellulose gum,ADDITIVE,stabiliser|thickener,"Stabiliser, Thickener","Stabilisers are substances which make it possible to maintain the physico-chemical state of a foodstuff; stabilisers include substances which enable the maintenance of a homogenous dispersion of two or more immiscible substances in a foodstuff, substances which stabilise, retain or intensify an existing colour of a foodstuff and substances which increase the binding capacity of the food, including the formation of cross-links between proteins enabling the binding of food pieces into re-constituted food.",yes,yes,https://www.wikidata.org/wiki/Q18935689,,Open Food Facts additives taxonomy (ODbL)
INS:470,470,E470,Sodium/potassium/calcium and magnesium salts of fatty acids,,ADDITIVE,emulsifier|stabiliser|thickener,"Emulsifier, Stabiliser, Thickener",Emulsifiers are substances which make it possible to form or maintain a homogenous mixture of two or more immiscible phases such as oil and water in a foodstuff.,maybe,maybe,,,Open Food Facts additives taxonomy (ODbL)
INS:470a,470a,E470a,Sodium/potassium and calcium salts of fatty acids,Sodium/potassium and calcium salts of fatty acids,ADDITIVE,emulsifier|stabiliser|thickener,"Emulsifier, Stabiliser, Thickener",Emulsifiers are substances which make it possible to form or maintain a homogenous mixture of two or more immiscible phases such as oil and water in a foodstuff.,maybe,maybe,,,Open Food Facts additives taxonomy (ODbL)
INS:470ai,470ai,E470ai,Sodium salts of fatty acids,,ADDITIVE,emulsifier|stabiliser|thickener,"Emulsifier, Stabiliser, Thickener",Emulsifiers are substances which make it possible to form or maintain a homogenous mixture of two or more immiscible phases such as oil and water in a foodstuff.,,,,,Open Food Facts additives taxonomy (ODbL)
INS:470aii,470aii,E470aii,Potassium salts of fatty acids,,ADDITIVE,emulsifier|stabiliser|thickener,"Emulsifier, Stabiliser, Thickener",Emulsifiers are substances which make it possible to form or maintain a homogenous mixture of two or more immiscible phases such as oil and water in a foodstuff.,,,,,Open Food Facts additives taxonomy (ODbL)
INS:470aiii,470aiii,E470aiii,Calcium salts of fatty acids,,ADDITIVE,emulsifier|stabiliser|thickener,"Emulsifier, Stabiliser, Thickener",Emulsifiers are substances which make it possible to form or maintain a homogenous mixture of two or more immiscible phases such as oil and water in a foodstuff.,,,,,Open Food Facts additives taxonomy (ODbL)
INS:470b,470b,E470b,Magnesium salts of fatty acids,,ADDITIVE,emulsifier|stabiliser|thickener,"Emulsifier, Stabiliser, Thickener",Emulsifiers are substances which make it possible to form or maintain a homogenous mixture of two or more immiscible phases such as oil and water in a foodstuff.,maybe,maybe,,,Open Food Facts additives taxonomy (ODbL)
INS:470i,470i,E470i,,,ADDITIVE,emulsifier|stabiliser|thickener,"Emulsifier, Stabiliser, Thickener",Emulsifiers are substances which make it possible to form or maintain a homogenous mixture of two or more immiscible phases such as oil and water in a foodstuff.,,,,,Open Food Facts additives taxonomy (ODbL)
INS:470ii,470ii,E470ii,,,ADDITIVE,emulsifier|stabiliser|thickener,"Emulsifier, Stabiliser, Thickener",Emulsifiers are substances which make it possible to form or maintain a homogenous mixture of two or more immiscible phases such as oil and water in a foodstuff.,,,,,Open Food Facts additives taxonomy (ODbL)
INS:470iii,470iii,E470iii,,,ADDITIVE,emulsifier|stabiliser|thickener,"Emulsifier, Stabiliser, Thickener",Emulsifiers are substances which make it possible to form or maintain a homogenous mixture of two or more immiscible phases such as oil and water in a foodstuff.,,,,,Open Food Facts additives taxonomy (ODbL)
INS:471,471,E471,Mono- and diglycerides of fatty acids,Glyceryl monostearate|Glyceryl monopalmitate|Glyceryl monooleate|Monostearin|Monopalmitin|Monoolein|Mono and diglycerides,ADDITIVE,emulsifier|stabiliser,"Emulsifier, Stabiliser",Emulsifiers are substances which make it possible to form or maintain a homogenous mixture of two or more immiscible phases such as oil and water in a foodstuff.,maybe,maybe,https://www.wikidata.org/wiki/Q416711,,Open Food Facts additives taxonomy (ODbL)
INS:472,472,E472,acid esters of mono- and diglycerides of fatty acids,,ADDITIVE,,,,maybe,maybe,,,Open Food Facts additives taxonomy (ODbL)
INS:472a,472a,E472a,Acetic acid esters of mono- and diglycerides of fatty acids,,ADDITIVE,emulsifier|sequestrant|stabiliser,"Emulsifier, Sequestrant, Stabiliser",Emulsifiers are substances which make it possible to form or maintain a homogenous mixture of two or more immiscible phases such as oil and water in a foodstuff.,maybe,maybe,https://www.wikidata.org/wiki/Q26806065,,Open Food Facts additives taxonomy (ODbL)
INS:472b,472b,E472b,Lactic acid esters of mono- and diglycerides of fatty acids,,ADDITIVE,emulsifier|sequestrant|stabiliser,"Emulsifier, Sequestrant, Stabiliser",Emulsifiers are substances which make it possible to form or maintain a homogenous mixture of two or more immiscible phases such as oil and water in a foodstuff.,maybe,maybe,https://www.wikidata.org/wiki/Q18967238,,Open Food Facts additives taxonomy (ODbL)
INS:472c,472c,E472c,Citric acid esters of mono- and diglycerides of fatty acids,,ADDITIVE,antioxidant|emulsifier|sequestrant|stabiliser,"Antioxidant, Emulsifier, Sequestrant, Stabiliser","Antioxidants are substances which prolong the shelf-life of foods by protecting them against deterioration caused by oxidation, such as fat rancidity and colour changes.",maybe,maybe,https://www.wikidata.org/wiki/Q18967202,,Open Food Facts additives taxonomy (ODbL)
INS:472d,472d,E472d,Tartaric acid esters of mono- and diglycerides of fatty acids,,ADDITIVE,,,,maybe,maybe,,,Open Food Facts additives taxonomy (ODbL)
INS:472e,472e,E472e,Mono- and diacetyltartaric acid esters of mono- and diglycerides of fatty acids,Mono- and diacetyl tartaric acid esters of mono- and diglycerides of fatty acids|DATEM|Mono- and diacetyltartaric esters of mono- and diglycerides of fatty acids|emulsifier E472e,ADDITIVE,emulsifier|sequestrant|stabiliser,"Emulsifier, Sequestrant, Stabiliser",Emulsifiers are substances which make it possible to form or maintain a homogenous mixture of two or more immiscible phases such as oil and water in a foodstuff.,maybe,maybe,https://www.wikidata.org/wiki/Q409406,,Open Food Facts additives taxonomy (ODbL)
INS:472f,472f,E472f,Mixed acetic and tartaric acid esters of mono- and diglycerides of fatty acids,,ADDITIVE,,,,maybe,maybe,https://www.wikidata.org/wiki/Q18967248,,Open Food Facts additives taxonomy (ODbL)
INS:472g,472g,E472g,Succinylated monoglycerides,,ADDITIVE,,,,maybe,maybe,,,Open Food Facts additives taxonomy (ODbL)
INS:473,473,E473,Sucrose esters of fatty acids,Sucroesters|sugar ester|sucrose esters,ADDITIVE,emulsifier|stabiliser,"Emulsifier, Stabiliser",Emulsifiers are substances which make it possible to form or maintain a homogenous mixture of two or more immiscible phases such as oil and water in a foodstuff.,maybe,maybe,https://www.wikidata.org/wiki/Q55648666,https://efsa.onlinelibrary.wiley.com/doi/10.2903/j.efsa.2018.5087,Open Food Facts additives taxonomy (ODbL)
INS:473a,473a,E473a,Oligoesters of sucrose type I,Oligoesters of sucrose type II|Oligoesters of sucrose,ADDITIVE,emulsifier|stabiliser,"Emulsifier, Stabiliser",Emulsifiers are substances which make it possible to form or maintain a homogenous mixture of two or more immiscible phases such as oil and water in a foodstuff.,maybe,maybe,https://www.wikidata.org/wiki/Q32418,http://dx.doi.org/10.2903/j.efsa.2004.106,Open Food Facts additives taxonomy (ODbL)
INS:474,474,E474,Sucroglycerides,Sucroglyceride,ADDITIVE,emulsifier,Emulsifier,Emulsifiers are substances which make it possible to form or maintain a homogenous mixture of two or more immiscible phases such as oil and water in a foodstuff.,maybe,maybe,https://www.wikidata.org/wiki/Q18608931,http://dx.doi.org/10.2903/j.efsa.2004.106,Open Food Facts additives taxonomy (ODbL)
INS:475,475,E475,Polyglycerol esters of fatty acids,Polyglycerol fatty acid esters,ADDITIVE,emulsifier|stabiliser,"Emulsifier, Stabiliser",Emulsifiers are substances which make it possible to form or maintain a homogenous mixture of two or more immiscible phases such as oil and water in a foodstuff.,maybe,maybe,https://www.wikidata.org/wiki/Q4037764,,Open Food Facts additives taxonomy (ODbL)
INS:476,476,E476,Polyglycerol polyricinoleate,PGPR,ADDITIVE,emulsifier,Emulsifier,Emulsifiers are substances which make it possible to form or maintain a homogenous mixture of two or more immiscible phases such as oil and water in a foodstuff.,yes,yes,https://www.wikidata.org/wiki/Q168686,,Open Food Facts additives taxonomy (ODbL)
INS:477,477,E477,"Propane-1,2-diol esters of fatty acids","Propane-1,2-diol esters of fatty acids",ADDITIVE,emulsifier,Emulsifier,Emulsifiers are substances which make it possible to form or maintain a homogenous mixture of two or more immiscible phases such as oil and water in a foodstuff.,maybe,maybe,https://www.wikidata.org/wiki/Q18944660,,Open Food Facts additives taxonomy (ODbL)
INS:478,478,E478,Lactylated fatty acid esters of glycerol and propane-1,,ADDITIVE,,,,maybe,maybe,https://www.wikidata.org/wiki/Q18935693,,Open Food Facts additives taxonomy (ODbL)
INS:479b,479b,E479b,Thermally oxidised soya bean oil interacted with mono- and diglycerides of fatty acids,Thermally oxidised soya bean oil interacted with mono­ and diglycerides of fatty acids,ADDITIVE,emulsifier,Emulsifier,Emulsifiers are substances which make it possible to form or maintain a homogenous mixture of two or more immiscible phases such as oil and water in a foodstuff.,maybe,maybe,,,Open Food Facts additives taxonomy (ODbL)
INS:481,481,E481,Sodium stearoyl-2-lactylate,Sodium stearoyl lactylate,ADDITIVE,emulsifier|stabiliser,"Emulsifier, Stabiliser",Emulsifiers are substances which make it possible to form or maintain a homogenous mixture of two or more immiscible phases such as oil and water in a foodstuff.,maybe,maybe,https://www.wikidata.org/wiki/Q416058,http://dx.doi.org/10.2903/j.efsa.2013.3144,Open Food Facts additives taxonomy (ODbL)
INS:481i,481i,E481i,,,ADDITIVE,emulsifier|stabiliser,"Emulsifier, Stabiliser",Emulsifiers are substances which make it possible to form or maintain a homogenous mixture of two or more immiscible phases such as oil and water in a foodstuff.,,,,,Open Food Facts additives taxonomy (ODbL)
INS:481ii,481ii,E481ii,Sodium oleyl lactylate,,ADDITIVE,emulsifier|stabiliser,"Emulsifier, Stabiliser",Emulsifiers are substances which make it possible to form or maintain a homogenous mixture of two or more immiscible phases such as oil and water in a foodstuff.,,,,,Open Food Facts additives taxonomy (ODbL)
INS:482,482,E482,Calcium stearoyl-2-lactylate,,ADDITIVE,emulsifier|stabiliser,"Emulsifier, Stabiliser",Emulsifiers are substances which make it possible to form or maintain a homogenous mixture of two or more immiscible phases such as oil and water in a foodstuff.,maybe,maybe,https://www.wikidata.org/wiki/Q788535,http://dx.doi.org/10.2903/j.efsa.2013.3144,Open Food Facts additives taxonomy (ODbL)
INS:482i,482i,E482i,Calcium stearoyl lactylate,,ADDITIVE,emulsifier|stabiliser,"Emulsifier, Stabiliser",Emulsifiers are substances which make it possible to form or maintain a homogenous mixture of two or more immiscible phases such as oil and water in a foodstuff.,,,,,Open Food Facts additives taxonomy (ODbL)
INS:482ii,482ii,E482ii,Calcium oleyl lactylate,,ADDITIVE,emulsifier|stabiliser,"Emulsifier, Stabiliser",Emulsifiers are substances which make it possible to form or maintain a homogenous mixture of two or more immiscible phases such as oil and water in a foodstuff.,,,,,Open Food Facts additives taxonomy (ODbL)
INS:483,483,E483,Stearyl tartrate,Stearyl palmityl tartrate,ADDITIVE,,,,maybe,maybe,https://www.wikidata.org/wiki/Q673260,,Open Food Facts additives taxonomy (ODbL)
INS:484,484,E484,Stearyl citrate,,ADDITIVE,antioxidant|emulsifier|sequestrant,"Antioxidant, Emulsifier, Sequestrant","Antioxidants are substances which prolong the shelf-life of foods by protecting them against deterioration caused by oxidation, such as fat rancidity and colour changes.",maybe,maybe,https://www.wikidata.org/wiki/Q18608830,,Open Food Facts additives taxonomy (ODbL)
INS:485,485,E485,Sodium stearoyl fumarate,,ADDITIVE,,,,yes,yes,https://www.wikidata.org/wiki/Q18967283,,Open Food Facts additives taxonomy (ODbL)
INS:486,486,E486,Calcium stearoyl fumarate,,ADDITIVE,,,,yes,yes,https://www.wikidata.org/wiki/Q18606662,,Open Food Facts additives taxonomy (ODbL)
INS:487,487,E487,sodium dodecyl sulfate,sodium laurilsulfate|sodium lauryl sulfate|NaDS,ADDITIVE,,,,yes,yes,https://www.wikidata.org/wiki/Q422241,,Open Food Facts additives taxonomy (ODbL)
INS:488,488,E488,Ethoxylated Mono- and Di-Glycerides,,ADDITIVE,,,,yes,yes,https://www.wikidata.org/wiki/Q18967225,,Open Food Facts additives taxonomy (ODbL)
INS:489,489,E489,Methyl glucoside-coconut oil ester,,ADDITIVE,,,,yes,yes,https://www.wikidata.org/wiki/Q18967245,,Open Food Facts additives taxonomy (ODbL)
INS:490,490,E490,Propylene glycol,"1,2-propanediol|propane-1,2-diol|1,2-dihydroxypropane|α-propylene glycol|methyl ethyl glycol|methylethylene glycol|Propan-1,2-diol",ADDITIVE,,,,yes,yes,https://www.wikidata.org/wiki/Q161495,,Open Food Facts additives taxonomy (ODbL)
INS:491,491,E491,Sorbitan monostearate,,ADDITIVE,emulsifier,Emulsifier,Emulsifiers are substances which make it possible to form or maintain a homogenous mixture of two or more immiscible phases such as oil and water in a foodstuff.,maybe,maybe,https://www.wikidata.org/wiki/Q907898,hhttps://efsa.onlinelibrary.wiley.com/doi/epdf/10.2903/j.efsa.2017.4788,Open Food Facts additives taxonomy (ODbL)
INS:492,492,E492,Sorbitan tristearate,,ADDITIVE,emulsifier|stabiliser,"Emulsifier, Stabiliser",Emulsifiers are substances which make it possible to form or maintain a homogenous mixture of two or more immiscible phases such as oil and water in a foodstuff.,maybe,maybe,https://www.wikidata.org/wiki/Q1416224,hhttps://efsa.onlinelibrary.wiley.com/doi/epdf/10.2903/j.efsa.2017.4788,Open Food Facts additives taxonomy (ODbL)
INS:493,493,E493,Sorbitan monolaurate,,ADDITIVE,emulsifier|stabiliser,"Emulsifier, Stabiliser",Emulsifiers are substances which make it possible to form or maintain a homogenous mixture of two or more immiscible phases such as oil and water in a foodstuff.,maybe,maybe,https://www.wikidata.org/wiki/Q15427856,hhttps://efsa.onlinelibrary.wiley.com/doi/epdf/10.2903/j.efsa.2017.4788,Open Food Facts additives taxonomy (ODbL)
INS:494,494,E494,Sorbitan monooleate,,ADDITIVE,emulsifier|stabiliser,"Emulsifier, Stabiliser",Emulsifiers are substances which make it possible to form or maintain a homogenous mixture of two or more immiscible phases such as oil and water in a foodstuff.,maybe,maybe,https://www.wikidata.org/wiki/Q18944664,hhttps://efsa.onlinelibrary.wiley.com/doi/epdf/10.2903/j.efsa.2017.4788,Open Food Facts additives taxonomy (ODbL)
INS:495,495,E495,Sorbitan monopalmitate,,ADDITIVE,emulsifier,Emulsifier,Emulsifiers are substances which make it possible to form or maintain a homogenous mixture of two or more immiscible phases such as oil and water in a foodstuff.,maybe,maybe,https://www.wikidata.org/wiki/Q18601367,hhttps://efsa.onlinelibrary.wiley.com/doi/epdf/10.2903/j.efsa.2017.4788,Open Food Facts additives taxonomy (ODbL)
INS:496,496,E496,Sorbitan trioleate,,ADDITIVE,,,,yes,yes,https://www.wikidata.org/wiki/Q18601524,,Open Food Facts additives taxonomy (ODbL)
INS:500,500,E500,Sodium carbonates,,ADDITIVE,stabiliser|thickener,"Stabiliser, Thickener","Stabilisers are substances which make it possible to maintain the physico-chemical state of a foodstuff; stabilisers include substances which enable the maintenance of a homogenous dispersion of two or more immiscible substances in a foodstuff, substances which stabilise, retain or intensify an existing colour of a foodstuff and substances which increase the binding capacity of the food, including the formation of cross-links between proteins enabling the binding of food pieces into re-constituted food.",yes,yes,https://www.wikidata.org/wiki/Q190227,http://dx.doi.org/10.2903/j.efsa.2013.3152,Open Food Facts additives taxonomy (ODbL)
INS:500i,500i,E500i,Sodium carbonate,washing soda,ADDITIVE,stabiliser|thickener,"Stabiliser, Thickener","Stabilisers are substances which make it possible to maintain the physico-chemical state of a foodstuff; stabilisers include substances which enable the maintenance of a homogenous dispersion of two or more immiscible substances in a foodstuff, substances which stabilise, retain or intensify an existing colour of a foodstuff and substances which increase the binding capacity of the food, including the formation of cross-links between proteins enabling the binding of food pieces into re-constituted food.",,,https://www.wikidata.org/wiki/Q190227,http://dx.doi.org/10.2903/j.efsa.2013.3152,Open Food Facts additives taxonomy (ODbL)
INS:500ii,500ii,E500ii,Sodium hydrogen carbonate,Sodium bicarbonate|sodium acid carbonate|Bicarbonate of soda|baking soda,ADDITIVE,stabiliser|thickener,"Stabiliser, Thickener","Stabilisers are substances which make it possible to maintain the physico-chemical state of a foodstuff; stabilisers include substances which enable the maintenance of a homogenous dispersion of two or more immiscible substances in a foodstuff, substances which stabilise, retain or intensify an existing colour of a foodstuff and substances which increase the binding capacity of the food, including the formation of cross-links between proteins enabling the binding of food pieces into re-constituted food.",,,https://www.wikidata.org/wiki/Q179731,http://dx.doi.org/10.2903/j.efsa.2013.3152,Open Food Facts additives taxonomy (ODbL)
INS:500iii,500iii,E500iii,Sodium sesquicarbonate,,ADDITIVE,stabiliser|thickener,"Stabiliser, Thickener","Stabilisers are substances which make it possible to maintain the physico-chemical state of a foodstuff; stabilisers include substances which enable the maintenance of a homogenous dispersion of two or more immiscible substances in a foodstuff, substances which stabilise, retain or intensify an existing colour of a foodstuff and substances which increase the binding capacity of the food, including the formation of cross-links between proteins enabling the binding of food pieces into re-constituted food.",,,https://www.wikidata.org/wiki/Q2234978,http://dx.doi.org/10.2903/j.efsa.2013.3152,Open Food Facts additives taxonomy (ODbL)
INS:501,501,E501,Potassium carbonates,,ADDITIVE,stabiliser,Stabiliser,"Stabilisers are substances which make it possible to maintain the physico-chemical state of a foodstuff; stabilisers include substances which enable the maintenance of a homogenous dispersion of two or more immiscible substances in a foodstuff, substances which stabilise, retain or intensify an existing colour of a foodstuff and substances which increase the binding capacity of the food, including the formation of cross-links between proteins enabling the binding of food pieces into re-constituted food.",yes,yes,https://www.wikidata.org/wiki/Q379885,,Open Food Facts additives taxonomy (ODbL)
INS:501i,501i,E501i,Potassium carbonate,,ADDITIVE,stabiliser,Stabiliser,"Stabilisers are substances which make it possible to maintain the physico-chemical state of a foodstuff; stabilisers include substances which enable the maintenance of a homogenous dispersion of two or more immiscible substances in a foodstuff, substances which stabilise, retain or intensify an existing colour of a foodstuff and substances which increase the binding capacity of the food, including the formation of cross-links between proteins enabling the binding of food pieces into re-constituted food.",,,https://www.wikidata.org/wiki/Q379885,,Open Food Facts additives taxonomy (ODbL)
INS:501ii,501ii,E501ii,Potassium hydrogen carbonate,Potassium bicarbonate,ADDITIVE,stabiliser,Stabiliser,"Stabilisers are substances which make it possible to maintain the physico-chemical state of a foodstuff; stabilisers include substances which enable the maintenance of a homogenous dispersion of two or more immiscible substances in a foodstuff, substances which stabilise, retain or intensify an existing colour of a foodstuff and substances which increase the binding capacity of the food, including the formation of cross-links between proteins enabling the binding of food pieces into re-constituted food.",,,https://www.wikidata.org/wiki/Q410529,,Open Food Facts additives taxonomy (ODbL)
INS:502,502,E502,Carbonates,,ADDITIVE,,,,yes,yes,,,Open Food Facts additives taxonomy (ODbL)
INS:503,503,E503,Ammonium carbonates,,ADDITIVE,,,,yes,yes,https://www.wikidata.org/wiki/Q204873,,Open Food Facts additives taxonomy (ODbL)
INS:503i,503i,E503i,Ammonium carbonate,,ADDITIVE,,,,,,https://www.wikidata.org/wiki/Q204873,,Open Food Facts additives taxonomy (ODbL)
INS:503ii,503ii,E503ii,Ammonium hydrogen carbonate,Baker's ammonia|Sal volatile|Salt of hartshorn|Ammonium bicarbonate,ADDITIVE,,,,,,https://www.wikidata.org/wiki/Q421123,,Open Food Facts additives taxonomy (ODbL)
INS:504,504,E504,Magnesium carbonates,,ADDITIVE,carrier,Carrier,"A food additive used to dissolve, dilute, disperse or otherwise physically modify a food additive or nutrient without altering its function (and without exerting any technological effect itself) in order to facilitate its handling, application or use of the food additive or nutrient.",yes,yes,https://www.wikidata.org/wiki/Q407931,,Open Food Facts additives taxonomy (ODbL)
INS:504i,504i,E504i,Magnesium carbonate,,ADDITIVE,carrier,Carrier,"A food additive used to dissolve, dilute, disperse or otherwise physically modify a food additive or nutrient without altering its function (and without exerting any technological effect itself) in order to facilitate its handling, application or use of the food additive or nutrient.",,,https://www.wikidata.org/wiki/Q407931,,Open Food Facts additives taxonomy (ODbL)
INS:504ii,504ii,E504ii,Magnesium hydroxide carbonate,,ADDITIVE,carrier,Carrier,"A food additive used to dissolve, dilute, disperse or otherwise physically modify a food additive or nutrient without altering its function (and without exerting any technological effect itself) in order to facilitate its handling, application or use of the food additive or nutrient.",,,https://www.wikidata.org/wiki/Q407931,,Open Food Facts additives taxonomy (ODbL)
INS:505,505,E505,Ferrous carbonate,3b101,ADDITIVE,,,,yes,yes,https://www.wikidata.org/wiki/Q18967227,,Open Food Facts additives taxonomy (ODbL)
INS:507,507,E507,Hydrochloric acid,Hydrogen chloride,ADDITIVE,,,,yes,yes,https://www.wikidata.org/wiki/Q2409,https://efsa.onlinelibrary.wiley.com/doi/10.2903/j.efsa.2019.5751,Open Food Facts additives taxonomy (ODbL)
INS:508,508,E508,Potassium chloride,Sylvine,ADDITIVE,stabiliser|thickener|preservative,"Stabiliser, Thickener, Preservative","Stabilisers are substances which make it possible to maintain the physico-chemical state of a foodstuff; stabilisers include substances which enable the maintenance of a homogenous dispersion of two or more immiscible substances in a foodstuff, substances which stabilise, retain or intensify an existing colour of a foodstuff and substances which increase the binding capacity of the food, including the formation of cross-links between proteins enabling the binding of food pieces into re-constituted food.",yes,yes,https://www.wikidata.org/wiki/Q184630,https://efsa.onlinelibrary.wiley.com/doi/10.2903/j.efsa.2019.5751,Open Food Facts additives taxonomy (ODbL)
INS:509,509,E509,Calcium chloride,,ADDITIVE,stabiliser|thickener|coagulant,"Stabiliser, Thickener, coagulant","Stabilisers are substances which make it possible to maintain the physico-chemical state of a foodstuff; stabilisers include substances which enable the maintenance of a homogenous dispersion of two or more immiscible substances in a foodstuff, substances which stabilise, retain or intensify an existing colour of a foodstuff and substances which increase the binding capacity of the food, including the formation of cross-links between proteins enabling the binding of food pieces into re-constituted food.",yes,yes,https://www.wikidata.org/wiki/Q208451,https://efsa.onlinelibrary.wiley.com/doi/10.2903/j.efsa.2019.5751,Open Food Facts additives taxonomy (ODbL)
INS:510,510,E510,ammonium chloride,ammonia solution|salmiac,ADDITIVE,,,,yes,yes,https://www.wikidata.org/wiki/Q188543,,Open Food Facts additives taxonomy (ODbL)
INS:511,511,E511,Magnesium chloride,,ADDITIVE,stabiliser|coagulant,"Stabiliser, coagulant","Stabilisers are substances which make it possible to maintain the physico-chemical state of a foodstuff; stabilisers include substances which enable the maintenance of a homogenous dispersion of two or more immiscible substances in a foodstuff, substances which stabilise, retain or intensify an existing colour of a foodstuff and substances which increase the binding capacity of the food, including the formation of cross-links between proteins enabling the binding of food pieces into re-constituted food.",yes,yes,https://www.wikidata.org/wiki/Q265414,https://efsa.onlinelibrary.wiley.com/doi/10.2903/j.efsa.2019.5751,Open Food Facts additives taxonomy (ODbL)
INS:512,512,E512,Stannous chloride,Tin chloride|Tin(II) chloride,ADDITIVE,antioxidant,Antioxidant,"Antioxidants are substances which prolong the shelf-life of foods by protecting them against deterioration caused by oxidation, such as fat rancidity and colour changes.",yes,yes,https://www.wikidata.org/wiki/Q204964,,Open Food Facts additives taxonomy (ODbL)
INS:513,513,E513,Sulphuric acid,Oil of vitriol|sulfuric acid|H2SO4,ADDITIVE,,,,yes,yes,https://www.wikidata.org/wiki/Q4118,,Open Food Facts additives taxonomy (ODbL)
INS:514,514,E514,Sodium sulphates,,ADDITIVE,,,,yes,yes,https://www.wikidata.org/wiki/Q211737,,Open Food Facts additives taxonomy (ODbL)
INS:514i,514i,E514i,Sodium sulphate,,ADDITIVE,,,,,,https://www.wikidata.org/wiki/Q211737,,Open Food Facts additives taxonomy (ODbL)
INS:514ii,514ii,E514ii,Sodium hydrogen sulphate,Acid sodium sulphate|Sodium bisulphate|sodium bisulfate,ADDITIVE,,,,,,https://www.wikidata.org/wiki/Q211737,,Open Food Facts additives taxonomy (ODbL)
INS:515,515,E515,Potassium sulphates,Potassium sulfates|potassium sulfate,ADDITIVE,,,,yes,yes,https://www.wikidata.org/wiki/Q193054,,Open Food Facts additives taxonomy (ODbL)
INS:515i,515i,E515i,Potassium sulphate,,ADDITIVE,,,,,,https://www.wikidata.org/wiki/Q193054,,Open Food Facts additives taxonomy (ODbL)
INS:515ii,515ii,E515ii,Potassium hydrogen sulphate,Potassium bisulphate,ADDITIVE,,,,,,https://www.wikidata.org/wiki/Q193054,,Open Food Facts additives taxonomy (ODbL)
INS:516,516,E516,Calcium sulphate,Gypsum|Selenite|Calcium sulfate|calcium sulfate added to prevent caking,ADDITIVE,sequestrant|stabiliser,"Sequestrant, Stabiliser",Sequestrants are substances which form chemical complexes with metallic ions.,yes,yes,https://www.wikidata.org/wiki/Q407258,,Open Food Facts additives taxonomy (ODbL)
INS:517,517,E517,Ammonium sulphate,ammonium sulfate,ADDITIVE,,,,yes,yes,https://www.wikidata.org/wiki/Q191831,,Open Food Facts additives taxonomy (ODbL)
INS:518,518,E518,Magnesium sulphate,Epsom salts|magnesium sulfate,ADDITIVE,,,,yes,yes,https://www.wikidata.org/wiki/Q288266,,Open Food Facts additives taxonomy (ODbL)
INS:519,519,E519,Copper sulphate,copper(II) sulfate,ADDITIVE,,,,yes,yes,https://www.wikidata.org/wiki/Q107184,,Open Food Facts additives taxonomy (ODbL)
INS:520,520,E520,Aluminium sulphate,Aluminium sulfate,ADDITIVE,,,,yes,yes,https://www.wikidata.org/wiki/Q421857,,Open Food Facts additives taxonomy (ODbL)
INS:521,521,E521,Aluminium sodium sulphate,Soda alum|Sodium aluminium sulfate,ADDITIVE,,,,yes,yes,https://www.wikidata.org/wiki/Q413559,,Open Food Facts additives taxonomy (ODbL)
INS:522,522,E522,Aluminium potassium sulphate,Potassium alum|Potassium aluminium sulfate|potash alum,ADDITIVE,,,,yes,yes,https://www.wikidata.org/wiki/Q411309,,Open Food Facts additives taxonomy (ODbL)
INS:523,523,E523,Aluminium ammonium sulphate,ammonium aluminium sulfate,ADDITIVE,stabiliser,Stabiliser,"Stabilisers are substances which make it possible to maintain the physico-chemical state of a foodstuff; stabilisers include substances which enable the maintenance of a homogenous dispersion of two or more immiscible substances in a foodstuff, substances which stabilise, retain or intensify an existing colour of a foodstuff and substances which increase the binding capacity of the food, including the formation of cross-links between proteins enabling the binding of food pieces into re-constituted food.",yes,yes,https://www.wikidata.org/wiki/Q419370,,Open Food Facts additives taxonomy (ODbL)
INS:524,524,E524,Sodium hydroxide,Caustic soda,ADDITIVE,,,,yes,yes,https://www.wikidata.org/wiki/Q102769,,Open Food Facts additives taxonomy (ODbL)
INS:525,525,E525,Potassium hydroxide,,ADDITIVE,,,,yes,yes,https://www.wikidata.org/wiki/Q132298,,Open Food Facts additives taxonomy (ODbL)
INS:526,526,E526,Calcium hydroxide,Slaked lime,ADDITIVE,,,,yes,yes,https://www.wikidata.org/wiki/Q182849,,Open Food Facts additives taxonomy (ODbL)
INS:527,527,E527,Ammonium hydroxide,Aqua ammonia|ammonia|household ammonia|ammonia water|ammonical liquor|ammonia liquor|aqueous ammonia,ADDITIVE,,,,yes,yes,https://www.wikidata.org/wiki/Q421888,,Open Food Facts additives taxonomy (ODbL)
INS:528,528,E528,Magnesium hydroxide,,ADDITIVE,,,,yes,yes,https://www.wikidata.org/wiki/Q407548,,Open Food Facts additives taxonomy (ODbL)
INS:529,529,E529,Calcium oxide,,ADDITIVE,,,,yes,yes,https://www.wikidata.org/wiki/Q185006,,Open Food Facts additives taxonomy (ODbL)
INS:530,530,E530,Magnesium oxide,magnesia,ADDITIVE,,,,yes,yes,https://www.wikidata.org/wiki/Q214769,,Open Food Facts additives taxonomy (ODbL)
INS:535,535,E535,Sodium ferrocyanide,Yellow prussiate of soda,ADDITIVE,,,,yes,yes,https://www.wikidata.org/wiki/Q418474,,Open Food Facts additives taxonomy (ODbL)
INS:536,536,E536,Potassium ferrocyanide,Yellow prussiate of potash,ADDITIVE,,,,yes,yes,https://www.wikidata.org/wiki/Q422017,,Open Food Facts additives taxonomy (ODbL)
INS:537,537,E537,ferrous hexacyanomanganate,,ADDITIVE,,,,yes,yes,https://www.wikidata.org/wiki/Q18602070,,Open Food Facts additives taxonomy (ODbL)
INS:538,538,E538,Calcium ferrocyanide,Yellow prussiate of lime,ADDITIVE,,,,yes,yes,https://www.wikidata.org/wiki/Q18967196,,Open Food Facts additives taxonomy (ODbL)
INS:539,539,E539,sodium thiosulfate,,ADDITIVE,antioxidant|sequestrant,"Antioxidant, Sequestrant","Antioxidants are substances which prolong the shelf-life of foods by protecting them against deterioration caused by oxidation, such as fat rancidity and colour changes.",yes,yes,https://www.wikidata.org/wiki/Q339866,,Open Food Facts additives taxonomy (ODbL)
INS:540,540,E540,Dicalcium diphosphate,,ADDITIVE,,,,yes,yes,https://www.wikidata.org/wiki/Q18967208,,Open Food Facts additives taxonomy (ODbL)
INS:541,541,E541,Sodium aluminium phosphate,,ADDITIVE,emulsifier|stabiliser|thickener,"Emulsifier, Stabiliser, Thickener",Emulsifiers are substances which make it possible to form or maintain a homogenous mixture of two or more immiscible phases such as oil and water in a foodstuff.,yes,yes,https://www.wikidata.org/wiki/Q1220360,,Open Food Facts additives taxonomy (ODbL)
INS:541i,541i,E541i,Acid sodium aluminium phosphate,,ADDITIVE,emulsifier|stabiliser|thickener,"Emulsifier, Stabiliser, Thickener",Emulsifiers are substances which make it possible to form or maintain a homogenous mixture of two or more immiscible phases such as oil and water in a foodstuff.,,,https://www.wikidata.org/wiki/Q1220360,,Open Food Facts additives taxonomy (ODbL)
INS:541ii,541ii,E541ii,Alkaline sodium aluminium phosphate,,ADDITIVE,emulsifier|stabiliser|thickener,"Emulsifier, Stabiliser, Thickener",Emulsifiers are substances which make it possible to form or maintain a homogenous mixture of two or more immiscible phases such as oil and water in a foodstuff.,,,https://www.wikidata.org/wiki/Q1220360,,Open Food Facts additives taxonomy (ODbL)
INS:542,542,E542,Bone phosphate,"Bone phosphate (Essentiale Calcium Phosphate, Tribasic)",ADDITIVE,emulsifier|humectant,"Emulsifier, Humectant",Emulsifiers are substances which make it possible to form or maintain a homogenous mixture of two or more immiscible phases such as oil and water in a foodstuff.,no,no,https://www.wikidata.org/wiki/Q18967189,,Open Food Facts additives taxonomy (ODbL)
INS:543,543,E543,E543 food additive,,ADDITIVE,,,,yes,yes,https://www.wikidata.org/wiki/Q18967200,,Open Food Facts additives taxonomy (ODbL)
INS:544,544,E544,Calcium polyphosphate,,ADDITIVE,,,,yes,yes,https://www.wikidata.org/wiki/Q18967198,,Open Food Facts additives taxonomy (ODbL)
INS:545,545,E545,Ammonium polyphosphate,,ADDITIVE,,,,yes,yes,https://www.wikidata.org/wiki/Q2770473,,Open Food Facts additives taxonomy (ODbL)
INS:546,546,E546,Magnesium pyrophosphate,,ADDITIVE,,,,yes,yes,,,Open Food Facts additives taxonomy (ODbL)
INS:550,550,E550,Sodium silicate,"Sodium Silicates (i), Sodium silicate (ii), Sodium metasilicate",ADDITIVE,,,,yes,yes,https://www.wikidata.org/wiki/Q18944661,,Open Food Facts additives taxonomy (ODbL)
INS:550i,550i,E550i,,,ADDITIVE,,,,,,,,Open Food Facts additives taxonomy (ODbL)
INS:550ii,550ii,E550ii,Sodium metasilicate,,ADDITIVE,,,,,,,,Open Food Facts additives taxonomy (ODbL)
INS:551,551,E551,Silicon dioxide,Silica|SiO2,ADDITIVE,carrier,Carrier,"A food additive used to dissolve, dilute, disperse or otherwise physically modify a food additive or nutrient without altering its function (and without exerting any technological effect itself) in order to facilitate its handling, application or use of the food additive or nutrient.",yes,yes,https://www.wikidata.org/wiki/Q116269,,Open Food Facts additives taxonomy (ODbL)
INS:552,552,E552,Calcium silicate,,ADDITIVE,,,,yes,yes,https://www.wikidata.org/wiki/Q416365,,Open Food Facts additives taxonomy (ODbL)
INS:553,553,E553,Magnesium silicates,magnesium silicate,ADDITIVE,thickener,Thickener,Thickeners are substances which increase the viscosity of a foodstuff.,yes,yes,,,Open Food Facts additives taxonomy (ODbL)
INS:553a,553a,E553a,synthetic magnesium silicates,,ADDITIVE,thickener,Thickener,Thickeners are substances which increase the viscosity of a foodstuff.,yes,yes,,,Open Food Facts additives taxonomy (ODbL)
INS:553ai,553ai,E553ai,Synthetic magnesium silicate,,ADDITIVE,thickener,Thickener,Thickeners are substances which increase the viscosity of a foodstuff.,,,,,Open Food Facts additives taxonomy (ODbL)
INS:553aii,553aii,E553aii,Magnesium trisilicate,,ADDITIVE,thickener,Thickener,Thickeners are substances which increase the viscosity of a foodstuff.,,,,,Open Food Facts additives taxonomy (ODbL)
INS:553b,553b,E553b,Talc,talcum|hydrated magnesium silicate,ADDITIVE,thickener,Thickener,Thickeners are substances which increase the viscosity of a foodstuff.,yes,yes,https://www.wikidata.org/wiki/Q134583,,Open Food Facts additives taxonomy (ODbL)
INS:553i,553i,E553i,"Magnesium silicate, synthetic",,ADDITIVE,thickener,Thickener,Thickeners are substances which increase the viscosity of a foodstuff.,,,,,Open Food Facts additives taxonomy (ODbL)
INS:553ii,553ii,E553ii,,,ADDITIVE,thickener,Thickener,Thickeners are substances which increase the viscosity of a foodstuff.,,,,,Open Food Facts additives taxonomy (ODbL)
INS:553iii,553iii,E553iii,,,ADDITIVE,thickener,Thickener,Thickeners are substances which increase the viscosity of a foodstuff.,,,,,Open Food Facts additives taxonomy (ODbL)
INS:554,554,E554,Sodium aluminium silicate,Sodium silicoaluminate|Sodium aluminosilicate,ADDITIVE,,,,yes,yes,https://www.wikidata.org/wiki/Q18967277,,Open Food Facts additives taxonomy (ODbL)
INS:555,555,E555,Potassium aluminium silicate,,ADDITIVE,,,,yes,yes,https://www.wikidata.org/wiki/Q18944658,,Open Food Facts additives taxonomy (ODbL)
INS:556,556,E556,Calcium aluminium silicate,Calcium aluminosilicate|Calcium silicoaluminate|Aluminium calcium silicate,ADDITIVE,,,,yes,yes,https://www.wikidata.org/wiki/Q18967182,,Open Food Facts additives taxonomy (ODbL)
INS:557,557,E557,hemimorphite,calamine,ADDITIVE,,,,yes,yes,https://www.wikidata.org/wiki/Q408008,,Open Food Facts additives taxonomy (ODbL)
INS:558,558,E558,Bentonite,1m558i|1m558,ADDITIVE,,,,yes,yes,https://www.wikidata.org/wiki/Q380149,,Open Food Facts additives taxonomy (ODbL)
INS:559,559,E559,Aluminium silicate,Kaolin,ADDITIVE,,,,yes,yes,https://www.wikidata.org/wiki/Q1284687,,Open Food Facts additives taxonomy (ODbL)
INS:560,560,E560,Potassium silicate,,ADDITIVE,,,,yes,yes,https://www.wikidata.org/wiki/Q419390,,Open Food Facts additives taxonomy (ODbL)
INS:570,570,E570,Fatty acids,Linear fatty acids|caprylic acid (C8)|caprylic acid|capric acid (C10)|capric acid|lauric acid (C12)|lauric acid|myristic acid (C14)|myristic acid|palmitic acid (C16)|palmitic acid|stearic acid (C18)|stearic acid|fatty acid,ADDITIVE,,,,maybe,maybe,https://www.wikidata.org/wiki/Q61476,,Open Food Facts additives taxonomy (ODbL)
INS:571,571,E571,,,ADDITIVE,,,,yes,yes,,,Open Food Facts additives taxonomy (ODbL)
INS:572,572,E572,Magnesium stearate,,ADDITIVE,,,,maybe,maybe,https://www.wikidata.org/wiki/Q416713,,Open Food Facts additives taxonomy (ODbL)
INS:573,573,E573,Aluminium stearate,Aluminum stearate,ADDITIVE,,,,yes,yes,,,Open Food Facts additives taxonomy (ODbL)
INS:574,574,E574,Gluconic acid,D-gluconic acid,ADDITIVE,,,,yes,yes,https://www.wikidata.org/wiki/Q407569,,Open Food Facts additives taxonomy (ODbL)
INS:575,575,E575,Glucono-delta-lactone,Gluconolactone|GDL|D-Gluconic acid delta-lactone,ADDITIVE,sequestrant,Sequestrant,Sequestrants are substances which form chemical complexes with metallic ions.,yes,yes,https://www.wikidata.org/wiki/Q114174,,Open Food Facts additives taxonomy (ODbL)
INS:576,576,E576,Sodium gluconate,,ADDITIVE,sequestrant|stabiliser|thickener,"Sequestrant, Stabiliser, Thickener",Sequestrants are substances which form chemical complexes with metallic ions.,yes,yes,https://www.wikidata.org/wiki/Q264552,,Open Food Facts additives taxonomy (ODbL)
INS:577,577,E577,Potassium gluconate,,ADDITIVE,sequestrant,Sequestrant,Sequestrants are substances which form chemical complexes with metallic ions.,yes,yes,https://www.wikidata.org/wiki/Q1122870,,Open Food Facts additives taxonomy (ODbL)
INS:578,578,E578,calcium gluconate,,ADDITIVE,sequestrant,Sequestrant,Sequestrants are substances which form chemical complexes with metallic ions.,yes,yes,https://www.wikidata.org/wiki/Q413739,,Open Food Facts additives taxonomy (ODbL)
INS:579,579,E579,iron gluconate,ferrous gluconate,ADDITIVE,,,,yes,yes,https://www.wikidata.org/wiki/Q421291,,Open Food Facts additives taxonomy (ODbL)
INS:580,580,E580,Magnesium Gluconate,,ADDITIVE,,,,yes,yes,https://www.wikidata.org/wiki/Q6731392,,Open Food Facts additives taxonomy (ODbL)
INS:585,585,E585,Ferrous lactate,Iron-II lactate,ADDITIVE,,,,yes,yes,https://www.wikidata.org/wiki/Q836793,,Open Food Facts additives taxonomy (ODbL)
INS:586,586,E586,4-hexylresorcinol,"4-Hexyl-1,3-benzenediol",ADDITIVE,,,,,,,http://dx.doi.org/10.2903/j.efsa.2014.3643,Open Food Facts additives taxonomy (ODbL)
INS:620,620,E620,Glutamic acid,L-Glutamic acid,ADDITIVE,,,,yes,yes,https://www.wikidata.org/wiki/Q181136,http://dx.doi.org/10.2903/j.efsa.2015.3981,Open Food Facts additives taxonomy (ODbL)
INS:621,621,E621,Monosodium glutamate,"monosodium l-glutamate|Sodium glutamate|L-Glutamic acid, monosodium salt|Glutamate|MSG Fine|E-621|MSG",ADDITIVE,flavour-enhancer,Flavour enhancer,Flavour enhancers are substances which enhance the existing taste and/or odour of a foodstuff.,yes,yes,https://www.wikidata.org/wiki/Q179678,https://efsa.onlinelibrary.wiley.com/doi/10.2903/j.efsa.2017.4910,Open Food Facts additives taxonomy (ODbL)
INS:622,622,E622,Monopotassium glutamate,Potassium glutamate,ADDITIVE,,,,yes,yes,https://www.wikidata.org/wiki/Q3029787,http://dx.doi.org/10.2903/j.efsa.2015.3981,Open Food Facts additives taxonomy (ODbL)
INS:623,623,E623,Calcium diglutamate,,ADDITIVE,,,,yes,yes,https://www.wikidata.org/wiki/Q591440,http://dx.doi.org/10.2903/j.efsa.2015.3981,Open Food Facts additives taxonomy (ODbL)
INS:624,624,E624,Monoammonium glutamate,,ADDITIVE,,,,yes,yes,https://www.wikidata.org/wiki/Q8213959,http://dx.doi.org/10.2903/j.efsa.2015.3981,Open Food Facts additives taxonomy (ODbL)
INS:625,625,E625,Magnesium diglutamate,,ADDITIVE,,,,yes,yes,https://www.wikidata.org/wiki/Q1821120,http://dx.doi.org/10.2903/j.efsa.2015.3981,Open Food Facts additives taxonomy (ODbL)
INS:626,626,E626,Guanylic acid,guanosine monophosphate,ADDITIVE,,,,no,no,https://www.wikidata.org/wiki/Q422473,,Open Food Facts additives taxonomy (ODbL)
INS:627,627,E627,Disodium guanylate,Sodium guanylate,ADDITIVE,,,,maybe,maybe,https://www.wikidata.org/wiki/Q905776,,Open Food Facts additives taxonomy (ODbL)
INS:628,628,E628,Dipotassium guanylate,Potassium guanylate,ADDITIVE,,,,maybe,maybe,https://www.wikidata.org/wiki/Q5280047,,Open Food Facts additives taxonomy (ODbL)
INS:629,629,E629,Calcium guanylate,,ADDITIVE,,,,maybe,maybe,https://www.wikidata.org/wiki/Q5018832,,Open Food Facts additives taxonomy (ODbL)
INS:630,630,E630,Inosinic acid,,ADDITIVE,,,,no,no,https://www.wikidata.org/wiki/Q255933,,Open Food Facts additives taxonomy (ODbL)
INS:631,631,E631,Disodium inosinate,Sodium inosinate,ADDITIVE,,,,maybe,maybe,https://www.wikidata.org/wiki/Q905782,,Open Food Facts additives taxonomy (ODbL)
INS:632,632,E632,Dipotassium inosinate,Potassium inosinate,ADDITIVE,,,,no,no,https://www.wikidata.org/wiki/Q18608832,,Open Food Facts additives taxonomy (ODbL)
INS:633,633,E633,Calcium inosinate,,ADDITIVE,,,,no,no,https://www.wikidata.org/wiki/Q725037,,Open Food Facts additives taxonomy (ODbL)
INS:634,634,E634,Calcium 5'-ribonucleotide,Calcium 5'-ribonucleotides,ADDITIVE,,,,no,no,https://www.wikidata.org/wiki/Q18967192,,Open Food Facts additives taxonomy (ODbL)
INS:635,635,E635,Disodium 5'-ribonucleotide,Disodium 5'-ribonucleotides,ADDITIVE,,,,maybe,maybe,https://www.wikidata.org/wiki/Q18967210,,Open Food Facts additives taxonomy (ODbL)
INS:636,636,E636,Maltol,,ADDITIVE,,,,yes,yes,,,Open Food Facts additives taxonomy (ODbL)
INS:637,637,E637,Ethyl maltol,,ADDITIVE,,,,yes,yes,,,Open Food Facts additives taxonomy (ODbL)
INS:638,638,E638,,,ADDITIVE,,,,yes,yes,,,Open Food Facts additives taxonomy (ODbL)
INS:640,640,E640,Glycine and its sodium salt,,ADDITIVE,,,,maybe,maybe,https://www.wikidata.org/wiki/Q18967228,,Open Food Facts additives taxonomy (ODbL)
INS:640i,640i,E640i,Glycine,,ADDITIVE,,,,,,https://www.wikidata.org/wiki/Q18967228,,Open Food Facts additives taxonomy (ODbL)
INS:640ii,640ii,E640ii,Sodiumglycinate,,ADDITIVE,,,,,,https://www.wikidata.org/wiki/Q18967228,,Open Food Facts additives taxonomy (ODbL)
INS:641,641,E641,Leucine,L-Leucine,ADDITIVE,,,,yes,yes,https://www.wikidata.org/wiki/Q483745,,Open Food Facts additives taxonomy (ODbL)
INS:642,642,E642,,,ADDITIVE,,,,yes,yes,,,Open Food Facts additives taxonomy (ODbL)
INS:650,650,E650,Zinc acetate,zinc salt,ADDITIVE,,,,yes,yes,https://www.wikidata.org/wiki/Q204639,,Open Food Facts additives taxonomy (ODbL)
INS:710,710,E710,Spiramycin,,ADDITIVE,,,,yes,yes,https://www.wikidata.org/wiki/Q422265,,Open Food Facts additives taxonomy (ODbL)
INS:713,713,E713,Tylosin,,ADDITIVE,,,,yes,yes,https://www.wikidata.org/wiki/Q411462,,Open Food Facts additives taxonomy (ODbL)
INS:900,900,E900,Dimethylpolysiloxane and Methylphenylpolysiloxane,,ADDITIVE,,,,yes,yes,https://www.wikidata.org/wiki/Q411955,,Open Food Facts additives taxonomy (ODbL)
INS:900a,900a,E900a,Dimethyl polysiloxane,Polydimethyl siloxane|Silicone fluid|Silicone oil|Polydimethylsiloxane|dimethicone|dimethylpolysiloxane,ADDITIVE,emulsifier,Emulsifier,Emulsifiers are substances which make it possible to form or maintain a homogenous mixture of two or more immiscible phases such as oil and water in a foodstuff.,yes,yes,https://www.wikidata.org/wiki/Q411955,,Open Food Facts additives taxonomy (ODbL)
INS:900b,900b,E900b,Methylphenylpolysiloxane,,ADDITIVE,,,,yes,yes,https://www.wikidata.org/wiki/Q411955,,Open Food Facts additives taxonomy (ODbL)
INS:901,901,E901,white and yellow beeswax,beeswax|white beeswax|yellow beeswax|white wax|bees wax,ADDITIVE,carrier|emulsifier|stabiliser|thickener,"Carrier, Emulsifier, Stabiliser, Thickener","A food additive used to dissolve, dilute, disperse or otherwise physically modify a food additive or nutrient without altering its function (and without exerting any technological effect itself) in order to facilitate its handling, application or use of the food additive or nutrient.",yes,no,https://www.wikidata.org/wiki/Q143739,http://dx.doi.org/10.2903/j.efsa.2007.615,Open Food Facts additives taxonomy (ODbL)
INS:902,902,E902,Candelilla wax,,ADDITIVE,carrier|emulsifier|thickener,"Carrier, Emulsifier, Thickener","A food additive used to dissolve, dilute, disperse or otherwise physically modify a food additive or nutrient without altering its function (and without exerting any technological effect itself) in order to facilitate its handling, application or use of the food additive or nutrient.",yes,yes,https://www.wikidata.org/wiki/Q898937,http://dx.doi.org/10.2903/j.efsa.2012.2946,Open Food Facts additives taxonomy (ODbL)
INS:903,903,E903,Carnauba wax,carnauba wax coating agents,ADDITIVE,carrier,Carrier,"A food additive used to dissolve, dilute, disperse or otherwise physically modify a food additive or nutrient without altering its function (and without exerting any technological effect itself) in order to facilitate its handling, application or use of the food additive or nutrient.",yes,yes,https://www.wikidata.org/wiki/Q839494,http://dx.doi.org/10.2903/j.efsa.2012.2880,Open Food Facts additives taxonomy (ODbL)
INS:904,904,E904,Shellac,Bleached shellac,ADDITIVE,,,,no,no,https://www.wikidata.org/wiki/Q429659,,Open Food Facts additives taxonomy (ODbL)
INS:905,905,E905,Synthetic wax,Hydrocarbon wax|Fischer-Tropsch wax,ADDITIVE,,,,yes,yes,https://www.wikidata.org/wiki/Q579764,http://dx.doi.org/10.2903/j.efsa.2013.3146,Open Food Facts additives taxonomy (ODbL)
INS:905a,905a,E905a,mineral oil,,ADDITIVE,,,,yes,yes,https://www.wikidata.org/wiki/Q583582,http://dx.doi.org/10.2903/j.efsa.2013.3146,Open Food Facts additives taxonomy (ODbL)
INS:905b,905b,E905b,petroleum jelly,petrolatum|white petrolatum|soft paraffin|multi-hydrocarbon,ADDITIVE,,,,yes,yes,https://www.wikidata.org/wiki/Q457239,http://dx.doi.org/10.2903/j.efsa.2013.3146,Open Food Facts additives taxonomy (ODbL)
INS:905c,905c,E905c,Petroleum wax,,ADDITIVE,,,,yes,yes,https://www.wikidata.org/wiki/Q579764,http://dx.doi.org/10.2903/j.efsa.2013.3146,Open Food Facts additives taxonomy (ODbL)
INS:905ci,905ci,E905ci,Microcrystalline wax,,ADDITIVE,,,,yes,yes,https://www.wikidata.org/wiki/Q579764,http://dx.doi.org/10.2903/j.efsa.2013.3146,Open Food Facts additives taxonomy (ODbL)
INS:905cii,905cii,E905cii,Paraffin wax,,ADDITIVE,,,,yes,yes,https://www.wikidata.org/wiki/Q579764,http://dx.doi.org/10.2903/j.efsa.2013.3146,Open Food Facts additives taxonomy (ODbL)
INS:905d,905d,E905d,Mineral oil high viscosity,,ADDITIVE,,,,yes,yes,https://www.wikidata.org/wiki/Q579764,http://dx.doi.org/10.2903/j.efsa.2013.3146,Open Food Facts additives taxonomy (ODbL)
INS:905e,905e,E905e,Mineral oil medium viscosity,,ADDITIVE,,,,yes,yes,https://www.wikidata.org/wiki/Q579764,http://dx.doi.org/10.2903/j.efsa.2013.3146,Open Food Facts additives taxonomy (ODbL)
INS:905f,905f,E905f,Mineral oil medium and low viscosity class II,,ADDITIVE,,,,yes,yes,https://www.wikidata.org/wiki/Q579764,http://dx.doi.org/10.2903/j.efsa.2013.3146,Open Food Facts additives taxonomy (ODbL)
INS:905g,905g,E905g,Mineral oil medium and low viscosity class III,,ADDITIVE,,,,yes,yes,https://www.wikidata.org/wiki/Q579764,http://dx.doi.org/10.2903/j.efsa.2013.3146,Open Food Facts additives taxonomy (ODbL)
INS:906,906,E906,Benzoin resin,,ADDITIVE,,,,yes,yes,https://www.wikidata.org/wiki/Q793163,,Open Food Facts additives taxonomy (ODbL)
INS:907,907,E907,Hydrogenated poly-1-decene,Hydrogenated polydec-1-ene|Crystalline wax,ADDITIVE,,,,yes,yes,https://www.wikidata.org/wiki/Q18967207,,Open Food Facts additives taxonomy (ODbL)
INS:908,908,E908,Rice bran wax,,ADDITIVE,,,,yes,yes,https://www.wikidata.org/wiki/Q725234,,Open Food Facts additives taxonomy (ODbL)
INS:909,909,E909,Spermaceti,,ADDITIVE,,,,yes,yes,https://www.wikidata.org/wiki/Q369682,,Open Food Facts additives taxonomy (ODbL)
INS:910,910,E910,Wax ester,,ADDITIVE,,,,maybe,no,https://www.wikidata.org/wiki/Q7975685,,Open Food Facts additives taxonomy (ODbL)
INS:911,911,E911,Fatty acid methyl ester,,ADDITIVE,,,,yes,yes,https://www.wikidata.org/wiki/Q18944655,,Open Food Facts additives taxonomy (ODbL)
INS:912,912,E912,Montanic acid esters,Montan acid esters,ADDITIVE,,,,yes,yes,https://www.wikidata.org/wiki/Q18935695,http://dx.doi.org/10.2903/j.efsa.2013.3236,Open Food Facts additives taxonomy (ODbL)
INS:913,913,E913,Lanolin,sheep wool grease|wool wax|wool grease,ADDITIVE,,,,yes,no,https://www.wikidata.org/wiki/Q911098,,Open Food Facts additives taxonomy (ODbL)
INS:914,914,E914,Oxidised polyethylene wax,,ADDITIVE,,,,yes,yes,https://www.wikidata.org/wiki/Q18608846,http://dx.doi.org/10.2903/j.efsa.2015.4145,Open Food Facts additives taxonomy (ODbL)
INS:915,915,E915,Esters of Colophane,Esters of colophony,ADDITIVE,,,,yes,yes,https://www.wikidata.org/wiki/Q18935691,,Open Food Facts additives taxonomy (ODbL)
INS:916,916,E916,Calcium iodate,3b202,ADDITIVE,,,,yes,yes,https://www.wikidata.org/wiki/Q2185998,,Open Food Facts additives taxonomy (ODbL)
INS:917,917,E917,potassium iodate,,ADDITIVE,,,,yes,yes,https://www.wikidata.org/wiki/Q414599,,Open Food Facts additives taxonomy (ODbL)
INS:918,918,E918,Nitrogen oxides,,ADDITIVE,,,,yes,yes,https://www.wikidata.org/wiki/Q18967254,,Open Food Facts additives taxonomy (ODbL)
INS:919,919,E919,Nitrosyl chloride,,ADDITIVE,,,,yes,yes,https://www.wikidata.org/wiki/Q419266,,Open Food Facts additives taxonomy (ODbL)
INS:920,920,E920,l-cysteine,L-cysteine hydrochloride|L-Cysteine|L-2-Amino-3-mercaptopropionic acid|L-Cys|(R)-2-Amino-3-mercaptopropanoic acid|(2R)-2-amino-3-sulfanylpropanoic acid|(2R)-2-amino-3-mercaptopropanoic acid,ADDITIVE,,,,maybe,maybe,https://www.wikidata.org/wiki/Q186474,,Open Food Facts additives taxonomy (ODbL)
INS:921,921,E921,L-cysteine hydrochloride monohydrate,,ADDITIVE,,,,maybe,maybe,,,Open Food Facts additives taxonomy (ODbL)
INS:922,922,E922,Potassium persulfate,,ADDITIVE,,,,yes,yes,https://www.wikidata.org/wiki/Q415226,,Open Food Facts additives taxonomy (ODbL)
INS:923,923,E923,ammonium persulfate,,ADDITIVE,,,,yes,yes,https://www.wikidata.org/wiki/Q412085,,Open Food Facts additives taxonomy (ODbL)
INS:924,924,E924,Potassium bromate,,ADDITIVE,,,,yes,yes,https://www.wikidata.org/wiki/Q409241,,Open Food Facts additives taxonomy (ODbL)
INS:924a,924a,E924a,Potassium bromate,,ADDITIVE,,,,yes,yes,https://www.wikidata.org/wiki/Q409241,,Open Food Facts additives taxonomy (ODbL)
INS:924b,924b,E924b,Calcium bromate,,ADDITIVE,,,,yes,yes,https://www.wikidata.org/wiki/Q409241,,Open Food Facts additives taxonomy (ODbL)
INS:925,925,E925,Chlorine,element 17,ADDITIVE,,,,yes,yes,https://www.wikidata.org/wiki/Q688,,Open Food Facts additives taxonomy (ODbL)
INS:926,926,E926,Chlorine dioxide,,ADDITIVE,,,,yes,yes,https://www.wikidata.org/wiki/Q422080,,Open Food Facts additives taxonomy (ODbL)
INS:927,927,E927,Azodicarbonamide and Carbamide,,ADDITIVE,,,,yes,yes,,,Open Food Facts additives taxonomy (ODbL)
INS:927a,927a,E927a,Azodicarbonamide,,ADDITIVE,,,,yes,yes,https://www.wikidata.org/wiki/Q415646,,Open Food Facts additives taxonomy (ODbL)
INS:927b,927b,E927b,Carbamide,urea,ADDITIVE,,,,yes,yes,https://www.wikidata.org/wiki/Q48318,,Open Food Facts additives taxonomy (ODbL)
INS:928,928,E928,Benzole peroxide,benzoyl peroxide,ADDITIVE,preservative,Preservative,Preservatives are substances which prolong the shelf-life of foods by protecting them against deterioration caused by micro-organisms and/or which protect against growth of pathogenic micro-organisms.,yes,yes,https://www.wikidata.org/wiki/Q411424,,Open Food Facts additives taxonomy (ODbL)
INS:929,929,E929,acetone peroxide,Mother of Satan|Triacetone Triperoxide|Peroxyacetone,ADDITIVE,,,,yes,yes,https://www.wikidata.org/wiki/Q329022,,Open Food Facts additives taxonomy (ODbL)
INS:930,930,E930,calcium peroxide,,ADDITIVE,,,,yes,yes,https://www.wikidata.org/wiki/Q94770,,Open Food Facts additives taxonomy (ODbL)
INS:931,931,E931,Nitrogen,,ADDITIVE,,,,yes,yes,,,Open Food Facts additives taxonomy (ODbL)
INS:932,932,E932,Nitrogen oxide,,ADDITIVE,,,,yes,yes,,,Open Food Facts additives taxonomy (ODbL)
INS:938,938,E938,Argon,element 18,ADDITIVE,,,,yes,yes,https://www.wikidata.org/wiki/Q696,,Open Food Facts additives taxonomy (ODbL)
INS:939,939,E939,Helium,element 2,ADDITIVE,,,,yes,yes,https://www.wikidata.org/wiki/Q560,,Open Food Facts additives taxonomy (ODbL)
INS:940,940,E940,Dichlorodifluoromethane,,ADDITIVE,,,,yes,yes,https://www.wikidata.org/wiki/Q423021,,Open Food Facts additives taxonomy (ODbL)
INS:941,941,E941,Nitrogen,nitrogen E941,ADDITIVE,propellent-gas,Propellent gas,Propellants are gases other than air which expel a foodstuff from a container.,yes,yes,https://www.wikidata.org/wiki/Q627,,Open Food Facts additives taxonomy (ODbL)
INS:942,942,E942,Nitrous oxide,propellent gas E942,ADDITIVE,antioxidant|propellent-gas,"Antioxidant, Propellent gas","Antioxidants are substances which prolong the shelf-life of foods by protecting them against deterioration caused by oxidation, such as fat rancidity and colour changes.",yes,yes,https://www.wikidata.org/wiki/Q905750,,Open Food Facts additives taxonomy (ODbL)
INS:943a,943a,E943a,Butane,,ADDITIVE,,,,yes,yes,,,Open Food Facts additives taxonomy (ODbL)
INS:943b,943b,E943b,Isobutane,,ADDITIVE,,,,yes,yes,,,Open Food Facts additives taxonomy (ODbL)
INS:944,944,E944,Propane,,ADDITIVE,,,,yes,yes,https://www.wikidata.org/wiki/Q131189,,Open Food Facts additives taxonomy (ODbL)
INS:945,945,E945,chloropentafluoroethane,,ADDITIVE,,,,yes,yes,https://www.wikidata.org/wiki/Q419702,,Open Food Facts additives taxonomy (ODbL)
INS:946,946,E946,octafluorocyclobutane,,ADDITIVE,,,,yes,yes,https://www.wikidata.org/wiki/Q413079,,Open Food Facts additives taxonomy (ODbL)
INS:948,948,E948,Oxygen,element 8,ADDITIVE,,,,yes,yes,https://www.wikidata.org/wiki/Q629,,Open Food Facts additives taxonomy (ODbL)
INS:949,949,E949,Hydrogen,,ADDITIVE,,,,yes,yes,https://www.wikidata.org/wiki/Q556,,Open Food Facts additives taxonomy (ODbL)
INS:950,950,E950,Acesulfame k,Acesulfame potassium,SWEETENER,sweetener,Sweetener,Sweeteners are substances used to impart a sweet taste to foods or in table-top sweeteners.,yes,yes,https://www.wikidata.org/wiki/Q132037,http://dx.doi.org/10.2903/j.efsa.2016.4437,Open Food Facts additives taxonomy (ODbL)
INS:951,951,E951,Aspartame,1-Methyl N-L-alpha-aspartyl-L-phenylalanine|Asp-phe-ome|3-Amino-N-(alpha-methoxycarbonylphenethyl) succinamic acid|3-Amino-N-(α-carboxyphenethyl)succinamic acid N-methyl ester|L-Aspartyl-L-phenylalanine methyl ester|1-methyl N-L-α-aspartyl-L-phenylalanate|Aspartylphenylalanine methyl ester|3-Amino-N-(alpha-carboxyphenethyl)succinamic acid N-methyl ester|3-Amino-N-(α-methoxycarbonylphenethyl) succinamic acid|1-Methyl N-L-alpha-aspartyl-L-phenylalanate,SWEETENER,sweetener,Sweetener,Sweeteners are substances used to impart a sweet taste to foods or in table-top sweeteners.,yes,yes,https://www.wikidata.org/wiki/Q182040,http://dx.doi.org/10.2903/j.efsa.2013.3496,Open Food Facts additives taxonomy (ODbL)
INS:952,952,E952,Cyclamic acid and its Na and Ca salts,Cyclamic acid|sodium cyclamate|cyclamates,SWEETENER,sweetener,Sweetener,Sweeteners are substances used to impart a sweet taste to foods or in table-top sweeteners.,yes,yes,https://www.wikidata.org/wiki/Q2130929,,Open Food Facts additives taxonomy (ODbL)
INS:952i,952i,E952i,,,SWEETENER,sweetener,Sweetener,Sweeteners are substances used to impart a sweet taste to foods or in table-top sweeteners.,,,,,Open Food Facts additives taxonomy (ODbL)
INS:952ii,952ii,E952ii,Calcium cyclamate,,SWEETENER,sweetener,Sweetener,Sweeteners are substances used to impart a sweet taste to foods or in table-top sweeteners.,,,,,Open Food Facts additives taxonomy (ODbL)
INS:952iv,952iv,E952iv,,,SWEETENER,sweetener,Sweetener,Sweeteners are substances used to impart a sweet taste to foods or in table-top sweeteners.,,,,,Open Food Facts additives taxonomy (ODbL)
INS:953,953,E953,isomalt,,SWEETENER,stabiliser|sweetener|thickener,"Stabiliser, Sweetener, Thickener","Stabilisers are substances which make it possible to maintain the physico-chemical state of a foodstuff; stabilisers include substances which enable the maintenance of a homogenous dispersion of two or more immiscible substances in a foodstuff, substances which stabilise, retain or intensify an existing colour of a foodstuff and substances which increase the binding capacity of the food, including the formation of cross-links between proteins enabling the binding of food pieces into re-constituted food.",yes,yes,https://www.wikidata.org/wiki/Q412068,,Open Food Facts additives taxonomy (ODbL)
INS:954,954,E954,saccharin and its salts,saccharin|saccharin sodium salt|saccharin sodium|sodium saccharin salt|saccharin calcium salt|saccharin calcium|calcium saccharine|saccharin potassium salt|saccharine potassium|potassium saccharine|sodium saccharin,SWEETENER,sweetener,Sweetener,Sweeteners are substances used to impart a sweet taste to foods or in table-top sweeteners.,yes,yes,https://www.wikidata.org/wiki/Q191381,,Open Food Facts additives taxonomy (ODbL)
INS:954i,954i,E954i,,,SWEETENER,sweetener,Sweetener,Sweeteners are substances used to impart a sweet taste to foods or in table-top sweeteners.,,,,,Open Food Facts additives taxonomy (ODbL)
INS:954ii,954ii,E954ii,Calcium saccharin,,SWEETENER,sweetener,Sweetener,Sweeteners are substances used to impart a sweet taste to foods or in table-top sweeteners.,,,,,Open Food Facts additives taxonomy (ODbL)
INS:954iii,954iii,E954iii,Potassium saccharin,,SWEETENER,sweetener,Sweetener,Sweeteners are substances used to impart a sweet taste to foods or in table-top sweeteners.,,,,,Open Food Facts additives taxonomy (ODbL)
INS:954iv,954iv,E954iv,,,SWEETENER,sweetener,Sweetener,Sweeteners are substances used to impart a sweet taste to foods or in table-top sweeteners.,,,,,Open Food Facts additives taxonomy (ODbL)
INS:955,955,E955,Sucralose,,SWEETENER,sweetener,Sweetener,Sweeteners are substances used to impart a sweet taste to foods or in table-top sweeteners.,yes,yes,https://www.wikidata.org/wiki/Q410209,http://dx.doi.org/10.2903/j.efsa.2016.4361,Open Food Facts additives taxonomy (ODbL)
INS:956,956,E956,Alitame,,SWEETENER,sweetener,Sweetener,Sweeteners are substances used to impart a sweet taste to foods or in table-top sweeteners.,yes,yes,https://www.wikidata.org/wiki/Q424676,,Open Food Facts additives taxonomy (ODbL)
INS:957,957,E957,Thaumatin,,SWEETENER,sweetener,Sweetener,Sweeteners are substances used to impart a sweet taste to foods or in table-top sweeteners.,yes,yes,https://www.wikidata.org/wiki/Q414048,http://dx.doi.org/10.2903/j.efsa.2015.4290,Open Food Facts additives taxonomy (ODbL)
INS:958,958,E958,Glycyrrhizin,,SWEETENER,sweetener,Sweetener,Sweeteners are substances used to impart a sweet taste to foods or in table-top sweeteners.,yes,yes,https://www.wikidata.org/wiki/Q418705,,Open Food Facts additives taxonomy (ODbL)
INS:959,959,E959,Neohesperidine dihydrochalcone,Neohesperidin dihydrochalcone|Neohesperidine DC|NHDC,SWEETENER,sweetener,Sweetener,Sweeteners are substances used to impart a sweet taste to foods or in table-top sweeteners.,yes,yes,https://www.wikidata.org/wiki/Q424595,,Open Food Facts additives taxonomy (ODbL)
INS:960,960,E960,Steviol glycosides,Steviol glycoside|stevia rebaudiana extract|stevia leaf extract|steviol,SWEETENER,sweetener,Sweetener,Sweeteners are substances used to impart a sweet taste to foods or in table-top sweeteners.,yes,yes,https://www.wikidata.org/wiki/Q2805600,http://dx.doi.org/10.2903/j.efsa.2015.4146,Open Food Facts additives taxonomy (ODbL)
INS:960a,960a,E960a,Steviol glycosides from Stevia,,SWEETENER,sweetener,Sweetener,Sweeteners are substances used to impart a sweet taste to foods or in table-top sweeteners.,yes,yes,,,Open Food Facts additives taxonomy (ODbL)
INS:960b,960b,E960b,Rebaudioside from multiple gene donors expressed in Yarrowia lipolityca,,SWEETENER,sweetener,Sweetener,Sweeteners are substances used to impart a sweet taste to foods or in table-top sweeteners.,,,,,Open Food Facts additives taxonomy (ODbL)
INS:960c,960c,E960c,Enzymatically produced steviol glycosides,,SWEETENER,sweetener,Sweetener,Sweeteners are substances used to impart a sweet taste to foods or in table-top sweeteners.,,,,,Open Food Facts additives taxonomy (ODbL)
INS:960d,960d,E960d,Glucosylated steviol glycosides,,SWEETENER,sweetener,Sweetener,Sweeteners are substances used to impart a sweet taste to foods or in table-top sweeteners.,,,,,Open Food Facts additives taxonomy (ODbL)
INS:961,961,E961,Neotame,,SWEETENER,sweetener,Sweetener,Sweeteners are substances used to impart a sweet taste to foods or in table-top sweeteners.,yes,yes,https://www.wikidata.org/wiki/Q415698,,Open Food Facts additives taxonomy (ODbL)
INS:962,962,E962,Salt of aspartame-acesulfame,Aspartame-acesulfame|Aspartame-acesulfame salt|E-962,SWEETENER,sweetener,Sweetener,Sweeteners are substances used to impart a sweet taste to foods or in table-top sweeteners.,yes,yes,https://www.wikidata.org/wiki/Q409847,,Open Food Facts additives taxonomy (ODbL)
INS:963,963,E963,Tagatose,,SWEETENER,sweetener,Sweetener,Sweeteners are substances used to impart a sweet taste to foods or in table-top sweeteners.,no,no,https://www.wikidata.org/wiki/Q414089,,Open Food Facts additives taxonomy (ODbL)
INS:964,964,E964,Polyglycitol syrup,,SWEETENER,sweetener,Sweetener,Sweeteners are substances used to impart a sweet taste to foods or in table-top sweeteners.,yes,yes,https://www.wikidata.org/wiki/Q18601425,,Open Food Facts additives taxonomy (ODbL)
INS:965,965,E965,maltitol,,SWEETENER,emulsifier|humectant|stabiliser|sweetener|thickener,"Emulsifier, Humectant, Stabiliser, Sweetener, Thickener",Emulsifiers are substances which make it possible to form or maintain a homogenous mixture of two or more immiscible phases such as oil and water in a foodstuff.,yes,yes,https://www.wikidata.org/wiki/Q423882,http://dx.doi.org/10.2903/j.efsa.2006.354,Open Food Facts additives taxonomy (ODbL)
INS:965i,965i,E965i,D-Maltitol,,SWEETENER,emulsifier|humectant|stabiliser|sweetener|thickener,"Emulsifier, Humectant, Stabiliser, Sweetener, Thickener",Emulsifiers are substances which make it possible to form or maintain a homogenous mixture of two or more immiscible phases such as oil and water in a foodstuff.,,,https://www.wikidata.org/wiki/Q423882,http://dx.doi.org/10.2903/j.efsa.2006.354,Open Food Facts additives taxonomy (ODbL)
INS:965ii,965ii,E965ii,Maltitol syrup,,SWEETENER,emulsifier|humectant|stabiliser|sweetener|thickener,"Emulsifier, Humectant, Stabiliser, Sweetener, Thickener",Emulsifiers are substances which make it possible to form or maintain a homogenous mixture of two or more immiscible phases such as oil and water in a foodstuff.,,,https://www.wikidata.org/wiki/Q423882,http://dx.doi.org/10.2903/j.efsa.2006.354,Open Food Facts additives taxonomy (ODbL)
INS:966,966,E966,Lactitol,Lactit|Lactositol,SWEETENER,emulsifier|sweetener|thickener,"Emulsifier, Sweetener, Thickener",Emulsifiers are substances which make it possible to form or maintain a homogenous mixture of two or more immiscible phases such as oil and water in a foodstuff.,yes,no,https://www.wikidata.org/wiki/Q415020,,Open Food Facts additives taxonomy (ODbL)
INS:967,967,E967,Xylitol,,SWEETENER,emulsifier|humectant|stabiliser|sweetener|thickener,"Emulsifier, Humectant, Stabiliser, Sweetener, Thickener",Emulsifiers are substances which make it possible to form or maintain a homogenous mixture of two or more immiscible phases such as oil and water in a foodstuff.,yes,yes,https://www.wikidata.org/wiki/Q212093,,Open Food Facts additives taxonomy (ODbL)
INS:968,968,E968,Erythritol,Meso-erythritol|Tetrahydroxybutane|E-968,SWEETENER,humectant|sweetener,"Humectant, Sweetener","Humectants are substances which prevent foods from drying out by counteracting the effect of an atmosphere having a low degree of humidity, or promote the dissolution of a powder in an aqueous medium.",yes,yes,https://www.wikidata.org/wiki/Q421873,http://dx.doi.org/10.2903/j.efsa.2010.1650,Open Food Facts additives taxonomy (ODbL)
INS:969,969,E969,Advantame,,SWEETENER,sweetener,Sweetener,Sweeteners are substances used to impart a sweet taste to foods or in table-top sweeteners.,,,,,Open Food Facts additives taxonomy (ODbL)
INS:999,999,E999,Quillaia extract,Soapbark extract|Quillay bark extract|Panama bark extract|Quillai extract|Murillo bark extract|Quillaia,ADDITIVE,emulsifier,Emulsifier,Emulsifiers are substances which make it possible to form or maintain a homogenous mixture of two or more immiscible phases such as oil and water in a foodstuff.,yes,yes,https://www.wikidata.org/wiki/Q118843,,Open Food Facts additives taxonomy (ODbL)
INS:999i,999i,E999i,Quillaia extract type 1,,ADDITIVE,emulsifier,Emulsifier,Emulsifiers are substances which make it possible to form or maintain a homogenous mixture of two or more immiscible phases such as oil and water in a foodstuff.,,,,,Open Food Facts additives taxonomy (ODbL)
INS:999ii,999ii,E999ii,Quillaia extract type 2,,ADDITIVE,emulsifier,Emulsifier,Emulsifiers are substances which make it possible to form or maintain a homogenous mixture of two or more immiscible phases such as oil and water in a foodstuff.,,,,,Open Food Facts additives taxonomy (ODbL)
